SurveyReactionTimeResultKey,SurveyStepResultKey,SurveyResultKey,ParticipantIdentifier,ReactionTime,StartDate,EndDate
776ba07a-0f4e-ed11-aac0-0afb9334277d,516ba07a-0f4e-ed11-aac0-0afb9334277d,276aa07a-0f4e-ed11-aac0-0afb9334277d,596d1036-bafa-47c3-9886-a588a37789bb,15944.391577666667,2022-10-17T07:32:56-04:00,2022-10-17T07:32:56-04:00
896ba07a-0f4e-ed11-aac0-0afb9334277d,516ba07a-0f4e-ed11-aac0-0afb9334277d,276aa07a-0f4e-ed11-aac0-0afb9334277d,596d1036-bafa-47c3-9886-a588a37789bb,15952.049515000001,2022-10-17T07:33:04-04:00,2022-10-17T07:33:04-04:00
8d6ba07a-0f4e-ed11-aac0-0afb9334277d,516ba07a-0f4e-ed11-aac0-0afb9334277d,276aa07a-0f4e-ed11-aac0-0afb9334277d,596d1036-bafa-47c3-9886-a588a37789bb,15963.377504166667,2022-10-17T07:33:15-04:00,2022-10-17T07:33:15-04:00
03398092-0f4e-ed11-aac0-0afb9334277d,f5388092-0f4e-ed11-aac0-0afb9334277d,be388092-0f4e-ed11-aac0-0afb9334277d,d973b82f-367b-4871-94a9-181421f870e8,1922520.7427624585,2022-10-17T07:33:17-04:00,2022-10-17T07:33:17-04:00
13398092-0f4e-ed11-aac0-0afb9334277d,f5388092-0f4e-ed11-aac0-0afb9334277d,be388092-0f4e-ed11-aac0-0afb9334277d,d973b82f-367b-4871-94a9-181421f870e8,1922528.3892837502,2022-10-17T07:33:25-04:00,2022-10-17T07:33:25-04:00
14398092-0f4e-ed11-aac0-0afb9334277d,f5388092-0f4e-ed11-aac0-0afb9334277d,be388092-0f4e-ed11-aac0-0afb9334277d,d973b82f-367b-4871-94a9-181421f870e8,1922556.2792121668,2022-10-17T07:33:53-04:00,2022-10-17T07:33:53-04:00
85e0db29-114e-ed11-aac0-0afb9334277d,55e0db29-114e-ed11-aac0-0afb9334277d,1ee0db29-114e-ed11-aac0-0afb9334277d,151eec8c-0ba1-48ba-afc8-f2874dad3a2b,211663.53674066669,2022-10-17T07:44:25-04:00,2022-10-17T07:44:25-04:00
89e0db29-114e-ed11-aac0-0afb9334277d,55e0db29-114e-ed11-aac0-0afb9334277d,1ee0db29-114e-ed11-aac0-0afb9334277d,151eec8c-0ba1-48ba-afc8-f2874dad3a2b,211678.15374945835,2022-10-17T07:44:40-04:00,2022-10-17T07:44:40-04:00
8fe0db29-114e-ed11-aac0-0afb9334277d,55e0db29-114e-ed11-aac0-0afb9334277d,1ee0db29-114e-ed11-aac0-0afb9334277d,151eec8c-0ba1-48ba-afc8-f2874dad3a2b,211687.79155433335,2022-10-17T07:44:49-04:00,2022-10-17T07:44:49-04:00
005a8205-164e-ed11-aac0-0afb9334277d,e9598205-164e-ed11-aac0-0afb9334277d,d8598205-164e-ed11-aac0-0afb9334277d,39d785c6-9e3d-44c2-88ec-2ce14ef923f9,1857.7266258750001,2022-10-17T08:19:44-04:00,2022-10-17T08:19:44-04:00
015a8205-164e-ed11-aac0-0afb9334277d,e9598205-164e-ed11-aac0-0afb9334277d,d8598205-164e-ed11-aac0-0afb9334277d,39d785c6-9e3d-44c2-88ec-2ce14ef923f9,1865.3122032083334,2022-10-17T08:19:52-04:00,2022-10-17T08:19:52-04:00
025a8205-164e-ed11-aac0-0afb9334277d,e9598205-164e-ed11-aac0-0afb9334277d,d8598205-164e-ed11-aac0-0afb9334277d,39d785c6-9e3d-44c2-88ec-2ce14ef923f9,1876.6541180000002,2022-10-17T08:20:03-04:00,2022-10-17T08:20:03-04:00
f323cbd9-174e-ed11-aac0-0afb9334277d,e723cbd9-174e-ed11-aac0-0afb9334277d,de23cbd9-174e-ed11-aac0-0afb9334277d,a33e1d38-6ee8-4da6-993b-a94a8ae7fc30,112785.56832012501,2022-10-17T08:32:37-04:00,2022-10-17T08:32:37-04:00
f423cbd9-174e-ed11-aac0-0afb9334277d,e723cbd9-174e-ed11-aac0-0afb9334277d,de23cbd9-174e-ed11-aac0-0afb9334277d,a33e1d38-6ee8-4da6-993b-a94a8ae7fc30,112793.19353129168,2022-10-17T08:32:45-04:00,2022-10-17T08:32:45-04:00
f523cbd9-174e-ed11-aac0-0afb9334277d,e723cbd9-174e-ed11-aac0-0afb9334277d,de23cbd9-174e-ed11-aac0-0afb9334277d,a33e1d38-6ee8-4da6-993b-a94a8ae7fc30,112804.52217133334,2022-10-17T08:32:56-04:00,2022-10-17T08:32:56-04:00
91915571-1a4e-ed11-aac0-0afb9334277d,7a915571-1a4e-ed11-aac0-0afb9334277d,62915571-1a4e-ed11-aac0-0afb9334277d,412330b3-cc02-4030-96cd-f4cfdcc45fa6,525105.91783862503,2022-10-17T08:51:09-04:00,2022-10-17T08:51:09-04:00
96915571-1a4e-ed11-aac0-0afb9334277d,7a915571-1a4e-ed11-aac0-0afb9334277d,62915571-1a4e-ed11-aac0-0afb9334277d,412330b3-cc02-4030-96cd-f4cfdcc45fa6,525118.77976250008,2022-10-17T08:51:23-04:00,2022-10-17T08:51:23-04:00
97915571-1a4e-ed11-aac0-0afb9334277d,7a915571-1a4e-ed11-aac0-0afb9334277d,62915571-1a4e-ed11-aac0-0afb9334277d,412330b3-cc02-4030-96cd-f4cfdcc45fa6,525130.14499433339,2022-10-17T08:51:33-04:00,2022-10-17T08:51:33-04:00
be110bef-1a4e-ed11-aac0-0afb9334277d,b2110bef-1a4e-ed11-aac0-0afb9334277d,a8110bef-1a4e-ed11-aac0-0afb9334277d,64755242-4b1b-4ed6-86d3-4f48d695beab,474106.93846787501,2022-10-17T08:54:48-04:00,2022-10-17T08:54:48-04:00
bf110bef-1a4e-ed11-aac0-0afb9334277d,b2110bef-1a4e-ed11-aac0-0afb9334277d,a8110bef-1a4e-ed11-aac0-0afb9334277d,64755242-4b1b-4ed6-86d3-4f48d695beab,474114.89928054169,2022-10-17T08:54:55-04:00,2022-10-17T08:54:55-04:00
c0110bef-1a4e-ed11-aac0-0afb9334277d,b2110bef-1a4e-ed11-aac0-0afb9334277d,a8110bef-1a4e-ed11-aac0-0afb9334277d,64755242-4b1b-4ed6-86d3-4f48d695beab,474126.29757945839,2022-10-17T08:55:07-04:00,2022-10-17T08:55:07-04:00
7eabe512-1b4e-ed11-aac0-0afb9334277d,69abe512-1b4e-ed11-aac0-0afb9334277d,56abe512-1b4e-ed11-aac0-0afb9334277d,7d501571-5d23-4f09-9266-1644f4f71add,155444.63970191666,2022-10-17T08:55:51-04:00,2022-10-17T08:55:51-04:00
81abe512-1b4e-ed11-aac0-0afb9334277d,69abe512-1b4e-ed11-aac0-0afb9334277d,56abe512-1b4e-ed11-aac0-0afb9334277d,7d501571-5d23-4f09-9266-1644f4f71add,155455.96291070833,2022-10-17T08:56:02-04:00,2022-10-17T08:56:02-04:00
82abe512-1b4e-ed11-aac0-0afb9334277d,69abe512-1b4e-ed11-aac0-0afb9334277d,56abe512-1b4e-ed11-aac0-0afb9334277d,7d501571-5d23-4f09-9266-1644f4f71add,155465.38009075,2022-10-17T08:56:11-04:00,2022-10-17T08:56:11-04:00
3ef4a272-1b4e-ed11-aac0-0afb9334277d,1ff4a272-1b4e-ed11-aac0-0afb9334277d,07f4a272-1b4e-ed11-aac0-0afb9334277d,c62ae7a2-6fe6-4fd5-9b9e-93773b08d8b9,19327.682911,2022-10-17T08:58:37-04:00,2022-10-17T08:58:37-04:00
40f4a272-1b4e-ed11-aac0-0afb9334277d,1ff4a272-1b4e-ed11-aac0-0afb9334277d,07f4a272-1b4e-ed11-aac0-0afb9334277d,c62ae7a2-6fe6-4fd5-9b9e-93773b08d8b9,19335.393239166668,2022-10-17T08:58:45-04:00,2022-10-17T08:58:45-04:00
42f4a272-1b4e-ed11-aac0-0afb9334277d,1ff4a272-1b4e-ed11-aac0-0afb9334277d,07f4a272-1b4e-ed11-aac0-0afb9334277d,c62ae7a2-6fe6-4fd5-9b9e-93773b08d8b9,19346.867027916669,2022-10-17T08:58:58-04:00,2022-10-17T08:58:58-04:00
51634b03-1d4e-ed11-aac0-0afb9334277d,3c634b03-1d4e-ed11-aac0-0afb9334277d,27634b03-1d4e-ed11-aac0-0afb9334277d,d92cdaf1-cc3e-4408-bcdf-7be602cc5c3b,84598.791425500007,2022-10-17T09:09:37-04:00,2022-10-17T09:09:37-04:00
52634b03-1d4e-ed11-aac0-0afb9334277d,3c634b03-1d4e-ed11-aac0-0afb9334277d,27634b03-1d4e-ed11-aac0-0afb9334277d,d92cdaf1-cc3e-4408-bcdf-7be602cc5c3b,84606.499213083342,2022-10-17T09:09:45-04:00,2022-10-17T09:09:45-04:00
5f634b03-1d4e-ed11-aac0-0afb9334277d,3c634b03-1d4e-ed11-aac0-0afb9334277d,27634b03-1d4e-ed11-aac0-0afb9334277d,d92cdaf1-cc3e-4408-bcdf-7be602cc5c3b,84624.943540125008,2022-10-17T09:10:03-04:00,2022-10-17T09:10:03-04:00
44f16fc3-1e4e-ed11-aac0-0afb9334277d,37f16fc3-1e4e-ed11-aac0-0afb9334277d,2bf16fc3-1e4e-ed11-aac0-0afb9334277d,c2097f36-4ca3-4537-856d-a649d1557553,740116.07738412509,2022-10-17T09:22:14-04:00,2022-10-17T09:22:14-04:00
d9ed6fc3-1e4e-ed11-aac0-0afb9334277d,cded6fc3-1e4e-ed11-aac0-0afb9334277d,c4ed6fc3-1e4e-ed11-aac0-0afb9334277d,98cb45a7-4057-4e81-b1d7-e7aede5e106e,2203127.6402562917,2022-10-17T09:22:20-04:00,2022-10-17T09:22:20-04:00
45f16fc3-1e4e-ed11-aac0-0afb9334277d,37f16fc3-1e4e-ed11-aac0-0afb9334277d,2bf16fc3-1e4e-ed11-aac0-0afb9334277d,c2097f36-4ca3-4537-856d-a649d1557553,740123.53818962502,2022-10-17T09:22:22-04:00,2022-10-17T09:22:22-04:00
daed6fc3-1e4e-ed11-aac0-0afb9334277d,cded6fc3-1e4e-ed11-aac0-0afb9334277d,c4ed6fc3-1e4e-ed11-aac0-0afb9334277d,98cb45a7-4057-4e81-b1d7-e7aede5e106e,2203135.3451785836,2022-10-17T09:22:29-04:00,2022-10-17T09:22:29-04:00
dbed6fc3-1e4e-ed11-aac0-0afb9334277d,cded6fc3-1e4e-ed11-aac0-0afb9334277d,c4ed6fc3-1e4e-ed11-aac0-0afb9334277d,98cb45a7-4057-4e81-b1d7-e7aede5e106e,2203148.1875307085,2022-10-17T09:22:41-04:00,2022-10-17T09:22:41-04:00
46f16fc3-1e4e-ed11-aac0-0afb9334277d,37f16fc3-1e4e-ed11-aac0-0afb9334277d,2bf16fc3-1e4e-ed11-aac0-0afb9334277d,c2097f36-4ca3-4537-856d-a649d1557553,740143.67270904174,2022-10-17T09:22:43-04:00,2022-10-17T09:22:43-04:00
32f04986-254e-ed11-aac0-0afb9334277d,25f04986-254e-ed11-aac0-0afb9334277d,18f04986-254e-ed11-aac0-0afb9334277d,ff129772-aeab-4432-8136-8f94027b8504,126453.69419391667,2022-10-17T10:10:37-04:00,2022-10-17T10:10:37-04:00
33f04986-254e-ed11-aac0-0afb9334277d,25f04986-254e-ed11-aac0-0afb9334277d,18f04986-254e-ed11-aac0-0afb9334277d,ff129772-aeab-4432-8136-8f94027b8504,126466.30683537501,2022-10-17T10:10:50-04:00,2022-10-17T10:10:50-04:00
34f04986-254e-ed11-aac0-0afb9334277d,25f04986-254e-ed11-aac0-0afb9334277d,18f04986-254e-ed11-aac0-0afb9334277d,ff129772-aeab-4432-8136-8f94027b8504,126477.34239175,2022-10-17T10:11:00-04:00,2022-10-17T10:11:00-04:00
e4415e99-264e-ed11-aac0-0afb9334277d,d8415e99-264e-ed11-aac0-0afb9334277d,ce415e99-264e-ed11-aac0-0afb9334277d,6c1b2b3c-3c06-4238-830d-65b76904e8b5,115091.394126375,2022-10-17T10:18:28-04:00,2022-10-17T10:18:28-04:00
e5415e99-264e-ed11-aac0-0afb9334277d,d8415e99-264e-ed11-aac0-0afb9334277d,ce415e99-264e-ed11-aac0-0afb9334277d,6c1b2b3c-3c06-4238-830d-65b76904e8b5,115099.16017954168,2022-10-17T10:18:35-04:00,2022-10-17T10:18:35-04:00
e6415e99-264e-ed11-aac0-0afb9334277d,d8415e99-264e-ed11-aac0-0afb9334277d,ce415e99-264e-ed11-aac0-0afb9334277d,6c1b2b3c-3c06-4238-830d-65b76904e8b5,115110.52562920834,2022-10-17T10:18:47-04:00,2022-10-17T10:18:47-04:00
625bfaec-264e-ed11-aac0-0afb9334277d,395bfaec-264e-ed11-aac0-0afb9334277d,1d5bfaec-264e-ed11-aac0-0afb9334277d,25ca39d7-4279-48fd-903f-d0927adadb77,28627.934998083336,2022-10-17T10:20:39-04:00,2022-10-17T10:20:39-04:00
6d5bfaec-264e-ed11-aac0-0afb9334277d,395bfaec-264e-ed11-aac0-0afb9334277d,1d5bfaec-264e-ed11-aac0-0afb9334277d,25ca39d7-4279-48fd-903f-d0927adadb77,28639.317599625003,2022-10-17T10:20:50-04:00,2022-10-17T10:20:50-04:00
715bfaec-264e-ed11-aac0-0afb9334277d,395bfaec-264e-ed11-aac0-0afb9334277d,1d5bfaec-264e-ed11-aac0-0afb9334277d,25ca39d7-4279-48fd-903f-d0927adadb77,28648.87570241667,2022-10-17T10:21:00-04:00,2022-10-17T10:21:00-04:00
b93d926a-274e-ed11-aac0-0afb9334277d,ac3d926a-274e-ed11-aac0-0afb9334277d,a03d926a-274e-ed11-aac0-0afb9334277d,bfc23509-915e-4c0a-bbad-8ed6fe3df8f1,1131927.4754083334,2022-10-17T10:24:14-04:00,2022-10-17T10:24:14-04:00
bc3d926a-274e-ed11-aac0-0afb9334277d,ac3d926a-274e-ed11-aac0-0afb9334277d,a03d926a-274e-ed11-aac0-0afb9334277d,bfc23509-915e-4c0a-bbad-8ed6fe3df8f1,1131935.293534375,2022-10-17T10:24:22-04:00,2022-10-17T10:24:22-04:00
bd3d926a-274e-ed11-aac0-0afb9334277d,ac3d926a-274e-ed11-aac0-0afb9334277d,a03d926a-274e-ed11-aac0-0afb9334277d,bfc23509-915e-4c0a-bbad-8ed6fe3df8f1,1131946.75950625,2022-10-17T10:24:34-04:00,2022-10-17T10:24:34-04:00
9d05ed05-284e-ed11-aac0-0afb9334277d,9105ed05-284e-ed11-aac0-0afb9334277d,8505ed05-284e-ed11-aac0-0afb9334277d,d77924dd-6dcf-4288-bb01-186fa08cfd0b,26691.480026166668,2022-10-17T10:28:32-04:00,2022-10-17T10:28:32-04:00
9f05ed05-284e-ed11-aac0-0afb9334277d,9105ed05-284e-ed11-aac0-0afb9334277d,8505ed05-284e-ed11-aac0-0afb9334277d,d77924dd-6dcf-4288-bb01-186fa08cfd0b,26699.000753166667,2022-10-17T10:28:39-04:00,2022-10-17T10:28:39-04:00
a005ed05-284e-ed11-aac0-0afb9334277d,9105ed05-284e-ed11-aac0-0afb9334277d,8505ed05-284e-ed11-aac0-0afb9334277d,d77924dd-6dcf-4288-bb01-186fa08cfd0b,26710.253874458336,2022-10-17T10:28:50-04:00,2022-10-17T10:28:50-04:00
24ea35c5-284e-ed11-aac0-0afb9334277d,0cea35c5-284e-ed11-aac0-0afb9334277d,f4e935c5-284e-ed11-aac0-0afb9334277d,5e0ae9ff-7cb8-499d-bee1-b1226869c14e,152821.88796275001,2022-10-17T10:33:55-04:00,2022-10-17T10:33:55-04:00
25ea35c5-284e-ed11-aac0-0afb9334277d,0cea35c5-284e-ed11-aac0-0afb9334277d,f4e935c5-284e-ed11-aac0-0afb9334277d,5e0ae9ff-7cb8-499d-bee1-b1226869c14e,152829.45766337501,2022-10-17T10:34:03-04:00,2022-10-17T10:34:03-04:00
26ea35c5-284e-ed11-aac0-0afb9334277d,0cea35c5-284e-ed11-aac0-0afb9334277d,f4e935c5-284e-ed11-aac0-0afb9334277d,5e0ae9ff-7cb8-499d-bee1-b1226869c14e,152840.73739329167,2022-10-17T10:34:14-04:00,2022-10-17T10:34:14-04:00
25e34608-2e4e-ed11-aac0-0afb9334277d,13e34608-2e4e-ed11-aac0-0afb9334277d,06e34608-2e4e-ed11-aac0-0afb9334277d,1e7aef96-16cc-43f8-95d4-e3bc582eb6d3,942816.61697054177,2022-10-17T11:11:33-04:00,2022-10-17T11:11:33-04:00
26e34608-2e4e-ed11-aac0-0afb9334277d,13e34608-2e4e-ed11-aac0-0afb9334277d,06e34608-2e4e-ed11-aac0-0afb9334277d,1e7aef96-16cc-43f8-95d4-e3bc582eb6d3,942824.26422883337,2022-10-17T11:11:41-04:00,2022-10-17T11:11:41-04:00
27e34608-2e4e-ed11-aac0-0afb9334277d,13e34608-2e4e-ed11-aac0-0afb9334277d,06e34608-2e4e-ed11-aac0-0afb9334277d,1e7aef96-16cc-43f8-95d4-e3bc582eb6d3,942835.64506858343,2022-10-17T11:11:53-04:00,2022-10-17T11:11:53-04:00
30f158b2-2f4e-ed11-aac0-0afb9334277d,22f158b2-2f4e-ed11-aac0-0afb9334277d,0ff158b2-2f4e-ed11-aac0-0afb9334277d,5e509967-0d3b-4fe1-a275-231ba42473d5,432922.35763041669,2022-10-17T11:23:32-04:00,2022-10-17T11:23:32-04:00
33f158b2-2f4e-ed11-aac0-0afb9334277d,22f158b2-2f4e-ed11-aac0-0afb9334277d,0ff158b2-2f4e-ed11-aac0-0afb9334277d,5e509967-0d3b-4fe1-a275-231ba42473d5,432929.93597758334,2022-10-17T11:23:40-04:00,2022-10-17T11:23:40-04:00
34f158b2-2f4e-ed11-aac0-0afb9334277d,22f158b2-2f4e-ed11-aac0-0afb9334277d,0ff158b2-2f4e-ed11-aac0-0afb9334277d,5e509967-0d3b-4fe1-a275-231ba42473d5,432941.28955883335,2022-10-17T11:23:51-04:00,2022-10-17T11:23:51-04:00
9ae49979-324e-ed11-aac0-0afb9334277d,86e49979-324e-ed11-aac0-0afb9334277d,6de49979-324e-ed11-aac0-0afb9334277d,6b827de8-fe47-4007-aad3-202655b954e3,1238551.1469881667,2022-10-17T11:43:23-04:00,2022-10-17T11:43:23-04:00
9be49979-324e-ed11-aac0-0afb9334277d,86e49979-324e-ed11-aac0-0afb9334277d,6de49979-324e-ed11-aac0-0afb9334277d,6b827de8-fe47-4007-aad3-202655b954e3,1238559.0536193333,2022-10-17T11:43:30-04:00,2022-10-17T11:43:30-04:00
9ce49979-324e-ed11-aac0-0afb9334277d,86e49979-324e-ed11-aac0-0afb9334277d,6de49979-324e-ed11-aac0-0afb9334277d,6b827de8-fe47-4007-aad3-202655b954e3,1238570.5442683334,2022-10-17T11:43:42-04:00,2022-10-17T11:43:42-04:00
1daec8f1-354e-ed11-aac0-0afb9334277d,10aec8f1-354e-ed11-aac0-0afb9334277d,f1adc8f1-354e-ed11-aac0-0afb9334277d,156895d9-0f71-4844-92dd-3fb298f84f2b,161152.75113204168,2022-10-17T12:08:11-04:00,2022-10-17T12:08:11-04:00
35aec8f1-354e-ed11-aac0-0afb9334277d,10aec8f1-354e-ed11-aac0-0afb9334277d,f1adc8f1-354e-ed11-aac0-0afb9334277d,156895d9-0f71-4844-92dd-3fb298f84f2b,161160.43026458335,2022-10-17T12:08:20-04:00,2022-10-17T12:08:20-04:00
36aec8f1-354e-ed11-aac0-0afb9334277d,10aec8f1-354e-ed11-aac0-0afb9334277d,f1adc8f1-354e-ed11-aac0-0afb9334277d,156895d9-0f71-4844-92dd-3fb298f84f2b,161172.74168129166,2022-10-17T12:08:31-04:00,2022-10-17T12:08:31-04:00
30c92691-3b4e-ed11-aac0-0afb9334277d,f9c82691-3b4e-ed11-aac0-0afb9334277d,cfc82691-3b4e-ed11-aac0-0afb9334277d,6e86c427-c679-4acd-aeb4-19ada9022b66,540037.13246366673,2022-10-17T12:48:27-04:00,2022-10-17T12:48:27-04:00
4cc92691-3b4e-ed11-aac0-0afb9334277d,f9c82691-3b4e-ed11-aac0-0afb9334277d,cfc82691-3b4e-ed11-aac0-0afb9334277d,6e86c427-c679-4acd-aeb4-19ada9022b66,540044.91605620831,2022-10-17T12:48:35-04:00,2022-10-17T12:48:35-04:00
4dc92691-3b4e-ed11-aac0-0afb9334277d,f9c82691-3b4e-ed11-aac0-0afb9334277d,cfc82691-3b4e-ed11-aac0-0afb9334277d,6e86c427-c679-4acd-aeb4-19ada9022b66,540056.27407241671,2022-10-17T12:48:46-04:00,2022-10-17T12:48:46-04:00
b7d509f3-3d4e-ed11-aac0-0afb9334277d,8fd509f3-3d4e-ed11-aac0-0afb9334277d,6ad509f3-3d4e-ed11-aac0-0afb9334277d,9de55851-54a0-4295-b45f-1dc7d69c22a1,671044.91507104167,2022-10-17T13:05:37-04:00,2022-10-17T13:05:37-04:00
c8d509f3-3d4e-ed11-aac0-0afb9334277d,8fd509f3-3d4e-ed11-aac0-0afb9334277d,6ad509f3-3d4e-ed11-aac0-0afb9334277d,9de55851-54a0-4295-b45f-1dc7d69c22a1,671053.12186845834,2022-10-17T13:05:45-04:00,2022-10-17T13:05:45-04:00
d2d509f3-3d4e-ed11-aac0-0afb9334277d,8fd509f3-3d4e-ed11-aac0-0afb9334277d,6ad509f3-3d4e-ed11-aac0-0afb9334277d,9de55851-54a0-4295-b45f-1dc7d69c22a1,671064.84874879173,2022-10-17T13:05:56-04:00,2022-10-17T13:05:56-04:00
31c8c9a6-3f4e-ed11-aac0-0afb9334277d,23c8c9a6-3f4e-ed11-aac0-0afb9334277d,17c8c9a6-3f4e-ed11-aac0-0afb9334277d,43adea65-466c-4891-8bd9-301c4d6560c8,103474.680085125,2022-10-17T13:17:40-04:00,2022-10-17T13:17:40-04:00
32c8c9a6-3f4e-ed11-aac0-0afb9334277d,23c8c9a6-3f4e-ed11-aac0-0afb9334277d,17c8c9a6-3f4e-ed11-aac0-0afb9334277d,43adea65-466c-4891-8bd9-301c4d6560c8,103486.05894704167,2022-10-17T13:17:51-04:00,2022-10-17T13:17:51-04:00
33c8c9a6-3f4e-ed11-aac0-0afb9334277d,23c8c9a6-3f4e-ed11-aac0-0afb9334277d,17c8c9a6-3f4e-ed11-aac0-0afb9334277d,43adea65-466c-4891-8bd9-301c4d6560c8,103504.10368604168,2022-10-17T13:18:09-04:00,2022-10-17T13:18:09-04:00
6611ff8f-404e-ed11-aac0-0afb9334277d,b4cf058a-404e-ed11-aac0-0afb9334277d,61cf058a-404e-ed11-aac0-0afb9334277d,76acef3c-d659-4fdd-b258-3668a1597584,6443.6592672083334,2022-10-17T13:24:09-04:00,2022-10-17T13:24:09-04:00
7211ff8f-404e-ed11-aac0-0afb9334277d,b4cf058a-404e-ed11-aac0-0afb9334277d,61cf058a-404e-ed11-aac0-0afb9334277d,76acef3c-d659-4fdd-b258-3668a1597584,6452.6579485833336,2022-10-17T13:24:18-04:00,2022-10-17T13:24:18-04:00
7311ff8f-404e-ed11-aac0-0afb9334277d,b4cf058a-404e-ed11-aac0-0afb9334277d,61cf058a-404e-ed11-aac0-0afb9334277d,76acef3c-d659-4fdd-b258-3668a1597584,6465.0485822500004,2022-10-17T13:24:29-04:00,2022-10-17T13:24:29-04:00
af5ef009-4b4e-ed11-aac0-0afb9334277d,865ef009-4b4e-ed11-aac0-0afb9334277d,605ef009-4b4e-ed11-aac0-0afb9334277d,ea3e9fa2-5a64-431c-be25-3ff532f0445f,793.66816895833335,2022-10-17T14:39:18-04:00,2022-10-17T14:39:18-04:00
b75ef009-4b4e-ed11-aac0-0afb9334277d,865ef009-4b4e-ed11-aac0-0afb9334277d,605ef009-4b4e-ed11-aac0-0afb9334277d,ea3e9fa2-5a64-431c-be25-3ff532f0445f,801.75554512500003,2022-10-17T14:39:26-04:00,2022-10-17T14:39:26-04:00
b95ef009-4b4e-ed11-aac0-0afb9334277d,865ef009-4b4e-ed11-aac0-0afb9334277d,605ef009-4b4e-ed11-aac0-0afb9334277d,ea3e9fa2-5a64-431c-be25-3ff532f0445f,813.00879108333334,2022-10-17T14:39:37-04:00,2022-10-17T14:39:37-04:00
2aa2b1bd-4d4e-ed11-aac0-0afb9334277d,1ba2b1bd-4d4e-ed11-aac0-0afb9334277d,0ea2b1bd-4d4e-ed11-aac0-0afb9334277d,aa51d1af-6023-460d-b6e3-4ee3d8e9d6bd,1019115.2856504167,2022-10-17T14:58:31-04:00,2022-10-17T14:58:31-04:00
30a2b1bd-4d4e-ed11-aac0-0afb9334277d,1ba2b1bd-4d4e-ed11-aac0-0afb9334277d,0ea2b1bd-4d4e-ed11-aac0-0afb9334277d,aa51d1af-6023-460d-b6e3-4ee3d8e9d6bd,1019123.2685815834,2022-10-17T14:58:39-04:00,2022-10-17T14:58:39-04:00
31a2b1bd-4d4e-ed11-aac0-0afb9334277d,1ba2b1bd-4d4e-ed11-aac0-0afb9334277d,0ea2b1bd-4d4e-ed11-aac0-0afb9334277d,aa51d1af-6023-460d-b6e3-4ee3d8e9d6bd,1019134.7996357917,2022-10-17T14:58:50-04:00,2022-10-17T14:58:50-04:00
d2d67c05-4e4e-ed11-aac0-0afb9334277d,bdd67c05-4e4e-ed11-aac0-0afb9334277d,b0d67c05-4e4e-ed11-aac0-0afb9334277d,6338356d-f098-46ea-b270-10c6fff7e67e,10580.224794125001,2022-10-17T15:00:31-04:00,2022-10-17T15:00:31-04:00
d4d67c05-4e4e-ed11-aac0-0afb9334277d,bdd67c05-4e4e-ed11-aac0-0afb9334277d,b0d67c05-4e4e-ed11-aac0-0afb9334277d,6338356d-f098-46ea-b270-10c6fff7e67e,10591.421592583334,2022-10-17T15:00:42-04:00,2022-10-17T15:00:42-04:00
d5d67c05-4e4e-ed11-aac0-0afb9334277d,bdd67c05-4e4e-ed11-aac0-0afb9334277d,b0d67c05-4e4e-ed11-aac0-0afb9334277d,6338356d-f098-46ea-b270-10c6fff7e67e,10601.110992583333,2022-10-17T15:00:52-04:00,2022-10-17T15:00:52-04:00
1468c7dc-534e-ed11-aac0-0afb9334277d,de67c7dc-534e-ed11-aac0-0afb9334277d,b767c7dc-534e-ed11-aac0-0afb9334277d,90592e06-bcf6-4150-85b0-c5daf7e7569c,505065.64169812505,2022-10-17T15:42:23-04:00,2022-10-17T15:42:23-04:00
2968c7dc-534e-ed11-aac0-0afb9334277d,de67c7dc-534e-ed11-aac0-0afb9334277d,b767c7dc-534e-ed11-aac0-0afb9334277d,90592e06-bcf6-4150-85b0-c5daf7e7569c,505073.2185886667,2022-10-17T15:42:30-04:00,2022-10-17T15:42:30-04:00
2b68c7dc-534e-ed11-aac0-0afb9334277d,de67c7dc-534e-ed11-aac0-0afb9334277d,b767c7dc-534e-ed11-aac0-0afb9334277d,90592e06-bcf6-4150-85b0-c5daf7e7569c,505084.47773370834,2022-10-17T15:42:42-04:00,2022-10-17T15:42:42-04:00
95a3396d-614e-ed11-aac0-0afb9334277d,7da3396d-614e-ed11-aac0-0afb9334277d,68a3396d-614e-ed11-aac0-0afb9334277d,0501ba67-3406-4779-aff1-878a0e9f7885,65408.896466375001,2022-10-17T17:19:29-04:00,2022-10-17T17:19:29-04:00
97a3396d-614e-ed11-aac0-0afb9334277d,7da3396d-614e-ed11-aac0-0afb9334277d,68a3396d-614e-ed11-aac0-0afb9334277d,0501ba67-3406-4779-aff1-878a0e9f7885,65416.461403125002,2022-10-17T17:19:37-04:00,2022-10-17T17:19:37-04:00
98a3396d-614e-ed11-aac0-0afb9334277d,7da3396d-614e-ed11-aac0-0afb9334277d,68a3396d-614e-ed11-aac0-0afb9334277d,0501ba67-3406-4779-aff1-878a0e9f7885,65427.752119458339,2022-10-17T17:19:48-04:00,2022-10-17T17:19:48-04:00
c4ab26ae-6e4e-ed11-aac0-0afb9334277d,aaab26ae-6e4e-ed11-aac0-0afb9334277d,96ab26ae-6e4e-ed11-aac0-0afb9334277d,a01397bb-a8a5-4cd1-af6f-6ace410f125d,167339.076164375,2022-10-17T18:54:23-04:00,2022-10-17T18:54:23-04:00
c6ab26ae-6e4e-ed11-aac0-0afb9334277d,aaab26ae-6e4e-ed11-aac0-0afb9334277d,96ab26ae-6e4e-ed11-aac0-0afb9334277d,a01397bb-a8a5-4cd1-af6f-6ace410f125d,167346.60897408336,2022-10-17T18:54:30-04:00,2022-10-17T18:54:30-04:00
c8ab26ae-6e4e-ed11-aac0-0afb9334277d,aaab26ae-6e4e-ed11-aac0-0afb9334277d,96ab26ae-6e4e-ed11-aac0-0afb9334277d,a01397bb-a8a5-4cd1-af6f-6ace410f125d,167357.88525625001,2022-10-17T18:54:42-04:00,2022-10-17T18:54:42-04:00
2249f2d7-6e4e-ed11-aac0-0afb9334277d,1449f2d7-6e4e-ed11-aac0-0afb9334277d,0849f2d7-6e4e-ed11-aac0-0afb9334277d,837ea159-60c6-4bde-b3ba-2c107844a9bb,278646.39745037502,2022-10-17T18:55:32-04:00,2022-10-17T18:55:32-04:00
2449f2d7-6e4e-ed11-aac0-0afb9334277d,1449f2d7-6e4e-ed11-aac0-0afb9334277d,0849f2d7-6e4e-ed11-aac0-0afb9334277d,837ea159-60c6-4bde-b3ba-2c107844a9bb,278653.91684050002,2022-10-17T18:55:40-04:00,2022-10-17T18:55:40-04:00
2549f2d7-6e4e-ed11-aac0-0afb9334277d,1449f2d7-6e4e-ed11-aac0-0afb9334277d,0849f2d7-6e4e-ed11-aac0-0afb9334277d,837ea159-60c6-4bde-b3ba-2c107844a9bb,278665.12969666667,2022-10-17T18:55:51-04:00,2022-10-17T18:55:51-04:00
9c78ab37-6f4e-ed11-aac0-0afb9334277d,9078ab37-6f4e-ed11-aac0-0afb9334277d,8778ab37-6f4e-ed11-aac0-0afb9334277d,147400db-43d9-4155-8bf2-b85b8adf4315,2669783.4660949586,2022-10-17T18:58:09-04:00,2022-10-17T18:58:09-04:00
9d78ab37-6f4e-ed11-aac0-0afb9334277d,9078ab37-6f4e-ed11-aac0-0afb9334277d,8778ab37-6f4e-ed11-aac0-0afb9334277d,147400db-43d9-4155-8bf2-b85b8adf4315,2669793.7478130418,2022-10-17T18:58:19-04:00,2022-10-17T18:58:19-04:00
9e78ab37-6f4e-ed11-aac0-0afb9334277d,9078ab37-6f4e-ed11-aac0-0afb9334277d,8778ab37-6f4e-ed11-aac0-0afb9334277d,147400db-43d9-4155-8bf2-b85b8adf4315,2669801.997533292,2022-10-17T18:58:27-04:00,2022-10-17T18:58:27-04:00
71321f8d-714e-ed11-aac0-0afb9334277d,57321f8d-714e-ed11-aac0-0afb9334277d,49321f8d-714e-ed11-aac0-0afb9334277d,bbd82a98-a1c9-4229-afc3-cc201067b909,29886.038368375001,2022-10-17T19:14:53-04:00,2022-10-17T19:14:53-04:00
73321f8d-714e-ed11-aac0-0afb9334277d,57321f8d-714e-ed11-aac0-0afb9334277d,49321f8d-714e-ed11-aac0-0afb9334277d,bbd82a98-a1c9-4229-afc3-cc201067b909,29893.633905333336,2022-10-17T19:15:01-04:00,2022-10-17T19:15:01-04:00
74321f8d-714e-ed11-aac0-0afb9334277d,57321f8d-714e-ed11-aac0-0afb9334277d,49321f8d-714e-ed11-aac0-0afb9334277d,bbd82a98-a1c9-4229-afc3-cc201067b909,29905.021568708336,2022-10-17T19:15:13-04:00,2022-10-17T19:15:13-04:00
12a2189b-734e-ed11-aac0-0afb9334277d,03a2189b-734e-ed11-aac0-0afb9334277d,f6a1189b-734e-ed11-aac0-0afb9334277d,fa996c7b-fd1c-4cba-990a-336f4cefaeb4,13043.224345791667,2022-10-17T19:29:40-04:00,2022-10-17T19:29:40-04:00
14a2189b-734e-ed11-aac0-0afb9334277d,03a2189b-734e-ed11-aac0-0afb9334277d,f6a1189b-734e-ed11-aac0-0afb9334277d,fa996c7b-fd1c-4cba-990a-336f4cefaeb4,13050.904509666667,2022-10-17T19:29:49-04:00,2022-10-17T19:29:49-04:00
16a2189b-734e-ed11-aac0-0afb9334277d,03a2189b-734e-ed11-aac0-0afb9334277d,f6a1189b-734e-ed11-aac0-0afb9334277d,fa996c7b-fd1c-4cba-990a-336f4cefaeb4,13062.754170625001,2022-10-17T19:30:00-04:00,2022-10-17T19:30:00-04:00
c64eadf4-764e-ed11-aac0-0afb9334277d,8e4eadf4-764e-ed11-aac0-0afb9334277d,684eadf4-764e-ed11-aac0-0afb9334277d,afbd4906-0513-42b1-91ce-d25065842f55,8340.2338621250001,2022-10-17T19:53:35-04:00,2022-10-17T19:53:35-04:00
ca4eadf4-764e-ed11-aac0-0afb9334277d,8e4eadf4-764e-ed11-aac0-0afb9334277d,684eadf4-764e-ed11-aac0-0afb9334277d,afbd4906-0513-42b1-91ce-d25065842f55,8348.4032292083339,2022-10-17T19:53:43-04:00,2022-10-17T19:53:43-04:00
cd4eadf4-764e-ed11-aac0-0afb9334277d,8e4eadf4-764e-ed11-aac0-0afb9334277d,684eadf4-764e-ed11-aac0-0afb9334277d,afbd4906-0513-42b1-91ce-d25065842f55,8359.8229351250011,2022-10-17T19:53:55-04:00,2022-10-17T19:53:55-04:00
f0d0853c-774e-ed11-aac0-0afb9334277d,ccd0853c-774e-ed11-aac0-0afb9334277d,b7d0853c-774e-ed11-aac0-0afb9334277d,a8b5a9ea-b762-4f46-a431-6c530215c498,173195.79036608335,2022-10-17T19:55:39-04:00,2022-10-17T19:55:39-04:00
f4d0853c-774e-ed11-aac0-0afb9334277d,ccd0853c-774e-ed11-aac0-0afb9334277d,b7d0853c-774e-ed11-aac0-0afb9334277d,a8b5a9ea-b762-4f46-a431-6c530215c498,173203.339583875,2022-10-17T19:55:46-04:00,2022-10-17T19:55:46-04:00
f7d0853c-774e-ed11-aac0-0afb9334277d,ccd0853c-774e-ed11-aac0-0afb9334277d,b7d0853c-774e-ed11-aac0-0afb9334277d,a8b5a9ea-b762-4f46-a431-6c530215c498,173214.55236895834,2022-10-17T19:55:57-04:00,2022-10-17T19:55:57-04:00
234033ad-7c4e-ed11-aac0-0afb9334277d,014033ad-7c4e-ed11-aac0-0afb9334277d,ec3f33ad-7c4e-ed11-aac0-0afb9334277d,b032c7ad-4287-4c23-8078-f75d3da262b8,485903.50722079171,2022-10-17T20:34:25-04:00,2022-10-17T20:34:25-04:00
2b4033ad-7c4e-ed11-aac0-0afb9334277d,014033ad-7c4e-ed11-aac0-0afb9334277d,ec3f33ad-7c4e-ed11-aac0-0afb9334277d,b032c7ad-4287-4c23-8078-f75d3da262b8,485913.04760275001,2022-10-17T20:34:32-04:00,2022-10-17T20:34:32-04:00
2d4033ad-7c4e-ed11-aac0-0afb9334277d,014033ad-7c4e-ed11-aac0-0afb9334277d,ec3f33ad-7c4e-ed11-aac0-0afb9334277d,b032c7ad-4287-4c23-8078-f75d3da262b8,485928.92416983336,2022-10-17T20:34:48-04:00,2022-10-17T20:34:48-04:00
f732ff8e-7f4e-ed11-aac0-0afb9334277d,e532ff8e-7f4e-ed11-aac0-0afb9334277d,d632ff8e-7f4e-ed11-aac0-0afb9334277d,329e2c06-a903-44ce-a409-8ed8c580b124,1955951.1703755418,2022-10-17T20:55:14-04:00,2022-10-17T20:55:14-04:00
fd32ff8e-7f4e-ed11-aac0-0afb9334277d,e532ff8e-7f4e-ed11-aac0-0afb9334277d,d632ff8e-7f4e-ed11-aac0-0afb9334277d,329e2c06-a903-44ce-a409-8ed8c580b124,1955959.2004245834,2022-10-17T20:55:21-04:00,2022-10-17T20:55:21-04:00
ff32ff8e-7f4e-ed11-aac0-0afb9334277d,e532ff8e-7f4e-ed11-aac0-0afb9334277d,d632ff8e-7f4e-ed11-aac0-0afb9334277d,329e2c06-a903-44ce-a409-8ed8c580b124,1955970.5192694168,2022-10-17T20:55:32-04:00,2022-10-17T20:55:32-04:00
f4df121f-854e-ed11-aac0-0afb9334277d,d0df121f-854e-ed11-aac0-0afb9334277d,badf121f-854e-ed11-aac0-0afb9334277d,3223b573-6de0-4aeb-b005-dd2e467b1e62,141003.11154687501,2022-10-17T21:35:05-04:00,2022-10-17T21:35:05-04:00
f6df121f-854e-ed11-aac0-0afb9334277d,d0df121f-854e-ed11-aac0-0afb9334277d,badf121f-854e-ed11-aac0-0afb9334277d,3223b573-6de0-4aeb-b005-dd2e467b1e62,141010.78217620833,2022-10-17T21:35:12-04:00,2022-10-17T21:35:12-04:00
f7df121f-854e-ed11-aac0-0afb9334277d,d0df121f-854e-ed11-aac0-0afb9334277d,badf121f-854e-ed11-aac0-0afb9334277d,3223b573-6de0-4aeb-b005-dd2e467b1e62,141022.19336170834,2022-10-17T21:35:24-04:00,2022-10-17T21:35:24-04:00
3384d521-874e-ed11-aac0-0afb9334277d,2784d521-874e-ed11-aac0-0afb9334277d,1e84d521-874e-ed11-aac0-0afb9334277d,4965aa0d-a7a9-4d1c-b835-3f79a29e0d39,525885.39923379174,2022-10-17T21:49:27-04:00,2022-10-17T21:49:27-04:00
3484d521-874e-ed11-aac0-0afb9334277d,2784d521-874e-ed11-aac0-0afb9334277d,1e84d521-874e-ed11-aac0-0afb9334277d,4965aa0d-a7a9-4d1c-b835-3f79a29e0d39,525893.06089600001,2022-10-17T21:49:35-04:00,2022-10-17T21:49:35-04:00
3584d521-874e-ed11-aac0-0afb9334277d,2784d521-874e-ed11-aac0-0afb9334277d,1e84d521-874e-ed11-aac0-0afb9334277d,4965aa0d-a7a9-4d1c-b835-3f79a29e0d39,525904.23494520842,2022-10-17T21:49:46-04:00,2022-10-17T21:49:46-04:00
9fc02bf9-874e-ed11-aac0-0afb9334277d,89c02bf9-874e-ed11-aac0-0afb9334277d,7ec02bf9-874e-ed11-aac0-0afb9334277d,9330d6d9-c667-43be-b437-a3c988dd10d7,77440.524777791667,2022-10-17T21:55:25-04:00,2022-10-17T21:55:25-04:00
a1c02bf9-874e-ed11-aac0-0afb9334277d,89c02bf9-874e-ed11-aac0-0afb9334277d,7ec02bf9-874e-ed11-aac0-0afb9334277d,9330d6d9-c667-43be-b437-a3c988dd10d7,77448.013737291665,2022-10-17T21:55:32-04:00,2022-10-17T21:55:32-04:00
a3c02bf9-874e-ed11-aac0-0afb9334277d,89c02bf9-874e-ed11-aac0-0afb9334277d,7ec02bf9-874e-ed11-aac0-0afb9334277d,9330d6d9-c667-43be-b437-a3c988dd10d7,77459.252754666668,2022-10-17T21:55:44-04:00,2022-10-17T21:55:44-04:00
7509b382-884e-ed11-aac0-0afb9334277d,6809b382-884e-ed11-aac0-0afb9334277d,5e09b382-884e-ed11-aac0-0afb9334277d,ea3d6bc5-1a3b-4542-a06a-6c6c9328e0fa,572371.32203787507,2022-10-17T21:59:19-04:00,2022-10-17T21:59:19-04:00
7609b382-884e-ed11-aac0-0afb9334277d,6809b382-884e-ed11-aac0-0afb9334277d,5e09b382-884e-ed11-aac0-0afb9334277d,ea3d6bc5-1a3b-4542-a06a-6c6c9328e0fa,572378.93690016668,2022-10-17T21:59:27-04:00,2022-10-17T21:59:27-04:00
7709b382-884e-ed11-aac0-0afb9334277d,6809b382-884e-ed11-aac0-0afb9334277d,5e09b382-884e-ed11-aac0-0afb9334277d,ea3d6bc5-1a3b-4542-a06a-6c6c9328e0fa,572391.53234600008,2022-10-17T21:59:39-04:00,2022-10-17T21:59:39-04:00
92aa075a-894e-ed11-aac0-0afb9334277d,76aa075a-894e-ed11-aac0-0afb9334277d,63aa075a-894e-ed11-aac0-0afb9334277d,a57c95d0-1fcc-4a16-aba7-294259f89fd7,205242.03550420835,2022-10-17T22:05:07-04:00,2022-10-17T22:05:07-04:00
96aa075a-894e-ed11-aac0-0afb9334277d,76aa075a-894e-ed11-aac0-0afb9334277d,63aa075a-894e-ed11-aac0-0afb9334277d,a57c95d0-1fcc-4a16-aba7-294259f89fd7,205249.59982741668,2022-10-17T22:05:14-04:00,2022-10-17T22:05:14-04:00
98aa075a-894e-ed11-aac0-0afb9334277d,76aa075a-894e-ed11-aac0-0afb9334277d,63aa075a-894e-ed11-aac0-0afb9334277d,a57c95d0-1fcc-4a16-aba7-294259f89fd7,205267.97898045834,2022-10-17T22:05:33-04:00,2022-10-17T22:05:33-04:00
c5a56c01-8a4e-ed11-aac0-0afb9334277d,b8a56c01-8a4e-ed11-aac0-0afb9334277d,aea56c01-8a4e-ed11-aac0-0afb9334277d,a9de00be-460d-4b74-bed3-bf013fe2052a,548988.14510408335,2022-10-17T22:09:53-04:00,2022-10-17T22:09:53-04:00
c6a56c01-8a4e-ed11-aac0-0afb9334277d,b8a56c01-8a4e-ed11-aac0-0afb9334277d,aea56c01-8a4e-ed11-aac0-0afb9334277d,a9de00be-460d-4b74-bed3-bf013fe2052a,548995.83097583335,2022-10-17T22:10:00-04:00,2022-10-17T22:10:00-04:00
c9a56c01-8a4e-ed11-aac0-0afb9334277d,b8a56c01-8a4e-ed11-aac0-0afb9334277d,aea56c01-8a4e-ed11-aac0-0afb9334277d,a9de00be-460d-4b74-bed3-bf013fe2052a,549012.41008741665,2022-10-17T22:10:17-04:00,2022-10-17T22:10:17-04:00
39425219-8a4e-ed11-aac0-0afb9334277d,05425219-8a4e-ed11-aac0-0afb9334277d,ef415219-8a4e-ed11-aac0-0afb9334277d,1b9b62f1-095b-4819-92a0-ea8e7abee884,1044118.9841152917,2022-10-17T22:10:45-04:00,2022-10-17T22:10:45-04:00
3c425219-8a4e-ed11-aac0-0afb9334277d,05425219-8a4e-ed11-aac0-0afb9334277d,ef415219-8a4e-ed11-aac0-0afb9334277d,1b9b62f1-095b-4819-92a0-ea8e7abee884,1044127.0167214584,2022-10-17T22:10:52-04:00,2022-10-17T22:10:52-04:00
3d425219-8a4e-ed11-aac0-0afb9334277d,05425219-8a4e-ed11-aac0-0afb9334277d,ef415219-8a4e-ed11-aac0-0afb9334277d,1b9b62f1-095b-4819-92a0-ea8e7abee884,1044138.4758975001,2022-10-17T22:11:04-04:00,2022-10-17T22:11:04-04:00
b25288d2-8a4e-ed11-aac0-0afb9334277d,a55288d2-8a4e-ed11-aac0-0afb9334277d,9b5288d2-8a4e-ed11-aac0-0afb9334277d,d1b92e8e-c6b8-49d5-9dfd-8aacea8cd493,132193.21060479167,2022-10-17T22:15:51-04:00,2022-10-17T22:15:51-04:00
b35288d2-8a4e-ed11-aac0-0afb9334277d,a55288d2-8a4e-ed11-aac0-0afb9334277d,9b5288d2-8a4e-ed11-aac0-0afb9334277d,d1b92e8e-c6b8-49d5-9dfd-8aacea8cd493,132200.73610191667,2022-10-17T22:15:59-04:00,2022-10-17T22:15:59-04:00
b45288d2-8a4e-ed11-aac0-0afb9334277d,a55288d2-8a4e-ed11-aac0-0afb9334277d,9b5288d2-8a4e-ed11-aac0-0afb9334277d,d1b92e8e-c6b8-49d5-9dfd-8aacea8cd493,132212.16679966668,2022-10-17T22:16:10-04:00,2022-10-17T22:16:10-04:00
63c31187-8b4e-ed11-aac0-0afb9334277d,57c31187-8b4e-ed11-aac0-0afb9334277d,4ac31187-8b4e-ed11-aac0-0afb9334277d,d520094e-39dc-47da-b764-049277fa48ad,327062.03677758336,2022-10-17T22:20:52-04:00,2022-10-17T22:20:52-04:00
64c31187-8b4e-ed11-aac0-0afb9334277d,57c31187-8b4e-ed11-aac0-0afb9334277d,4ac31187-8b4e-ed11-aac0-0afb9334277d,d520094e-39dc-47da-b764-049277fa48ad,327069.68199808337,2022-10-17T22:21:00-04:00,2022-10-17T22:21:00-04:00
65c31187-8b4e-ed11-aac0-0afb9334277d,57c31187-8b4e-ed11-aac0-0afb9334277d,4ac31187-8b4e-ed11-aac0-0afb9334277d,d520094e-39dc-47da-b764-049277fa48ad,327081.10952333338,2022-10-17T22:21:11-04:00,2022-10-17T22:21:11-04:00
fd7414d5-8d4e-ed11-aac0-0afb9334277d,ed7414d5-8d4e-ed11-aac0-0afb9334277d,dc7414d5-8d4e-ed11-aac0-0afb9334277d,b62eaadd-1819-41da-a70b-a46d4151db72,248746.79341875002,2022-10-17T22:37:13-04:00,2022-10-17T22:37:13-04:00
fe7414d5-8d4e-ed11-aac0-0afb9334277d,ed7414d5-8d4e-ed11-aac0-0afb9334277d,dc7414d5-8d4e-ed11-aac0-0afb9334277d,b62eaadd-1819-41da-a70b-a46d4151db72,248761.89137383335,2022-10-17T22:37:28-04:00,2022-10-17T22:37:28-04:00
ff7414d5-8d4e-ed11-aac0-0afb9334277d,ed7414d5-8d4e-ed11-aac0-0afb9334277d,dc7414d5-8d4e-ed11-aac0-0afb9334277d,b62eaadd-1819-41da-a70b-a46d4151db72,248771.72885579168,2022-10-17T22:37:38-04:00,2022-10-17T22:37:38-04:00
9d6e51c8-904e-ed11-aac0-0afb9334277d,5f6e51c8-904e-ed11-aac0-0afb9334277d,316e51c8-904e-ed11-aac0-0afb9334277d,0ca43379-41b5-47fb-90ba-0a22e6bf5586,1193988.1368454583,2022-10-17T22:58:29-04:00,2022-10-17T22:58:29-04:00
a36e51c8-904e-ed11-aac0-0afb9334277d,5f6e51c8-904e-ed11-aac0-0afb9334277d,316e51c8-904e-ed11-aac0-0afb9334277d,0ca43379-41b5-47fb-90ba-0a22e6bf5586,1193995.9072355418,2022-10-17T22:58:36-04:00,2022-10-17T22:58:36-04:00
a56e51c8-904e-ed11-aac0-0afb9334277d,5f6e51c8-904e-ed11-aac0-0afb9334277d,316e51c8-904e-ed11-aac0-0afb9334277d,0ca43379-41b5-47fb-90ba-0a22e6bf5586,1194007.2567002918,2022-10-17T22:58:47-04:00,2022-10-17T22:58:47-04:00
ecfa5d1d-924e-ed11-aac0-0afb9334277d,c3fa5d1d-924e-ed11-aac0-0afb9334277d,9dfa5d1d-924e-ed11-aac0-0afb9334277d,f889f1a4-9754-456e-ae08-092f992d3359,216776.14751054169,2022-10-17T23:08:45-04:00,2022-10-17T23:08:45-04:00
f1fa5d1d-924e-ed11-aac0-0afb9334277d,c3fa5d1d-924e-ed11-aac0-0afb9334277d,9dfa5d1d-924e-ed11-aac0-0afb9334277d,f889f1a4-9754-456e-ae08-092f992d3359,216783.70849575,2022-10-17T23:08:52-04:00,2022-10-17T23:08:52-04:00
f8fa5d1d-924e-ed11-aac0-0afb9334277d,c3fa5d1d-924e-ed11-aac0-0afb9334277d,9dfa5d1d-924e-ed11-aac0-0afb9334277d,f889f1a4-9754-456e-ae08-092f992d3359,216795.01996462501,2022-10-17T23:09:04-04:00,2022-10-17T23:09:04-04:00
a0a82885-934e-ed11-aac0-0afb9334277d,94a82885-934e-ed11-aac0-0afb9334277d,8aa82885-934e-ed11-aac0-0afb9334277d,d99872af-3068-4840-9118-3e5724df83b8,332099.14995279169,2022-10-17T23:18:11-04:00,2022-10-17T23:18:11-04:00
a1a82885-934e-ed11-aac0-0afb9334277d,94a82885-934e-ed11-aac0-0afb9334277d,8aa82885-934e-ed11-aac0-0afb9334277d,d99872af-3068-4840-9118-3e5724df83b8,332106.85297133337,2022-10-17T23:18:19-04:00,2022-10-17T23:18:19-04:00
a2a82885-934e-ed11-aac0-0afb9334277d,94a82885-934e-ed11-aac0-0afb9334277d,8aa82885-934e-ed11-aac0-0afb9334277d,d99872af-3068-4840-9118-3e5724df83b8,332118.21423795837,2022-10-17T23:18:30-04:00,2022-10-17T23:18:30-04:00
7430e7e4-934e-ed11-aac0-0afb9334277d,5330e7e4-934e-ed11-aac0-0afb9334277d,4330e7e4-934e-ed11-aac0-0afb9334277d,4217d9ff-07c0-42a5-9da9-f2e351b40709,72733.213313,2022-10-17T23:20:41-04:00,2022-10-17T23:20:41-04:00
7530e7e4-934e-ed11-aac0-0afb9334277d,5330e7e4-934e-ed11-aac0-0afb9334277d,4330e7e4-934e-ed11-aac0-0afb9334277d,4217d9ff-07c0-42a5-9da9-f2e351b40709,72741.125810666665,2022-10-17T23:20:49-04:00,2022-10-17T23:20:49-04:00
7830e7e4-934e-ed11-aac0-0afb9334277d,5330e7e4-934e-ed11-aac0-0afb9334277d,4330e7e4-934e-ed11-aac0-0afb9334277d,4217d9ff-07c0-42a5-9da9-f2e351b40709,72752.577723333336,2022-10-17T23:21:00-04:00,2022-10-17T23:21:00-04:00
5b679075-954e-ed11-aac0-0afb9334277d,1b679075-954e-ed11-aac0-0afb9334277d,10679075-954e-ed11-aac0-0afb9334277d,852b45ca-f506-42b2-b5bd-2b0072b1b28b,2999898.6502880417,2022-10-17T23:32:00-04:00,2022-10-17T23:32:00-04:00
61679075-954e-ed11-aac0-0afb9334277d,1b679075-954e-ed11-aac0-0afb9334277d,10679075-954e-ed11-aac0-0afb9334277d,852b45ca-f506-42b2-b5bd-2b0072b1b28b,2999906.1549310419,2022-10-17T23:32:08-04:00,2022-10-17T23:32:08-04:00
65679075-954e-ed11-aac0-0afb9334277d,1b679075-954e-ed11-aac0-0afb9334277d,10679075-954e-ed11-aac0-0afb9334277d,852b45ca-f506-42b2-b5bd-2b0072b1b28b,2999917.5985220834,2022-10-17T23:32:20-04:00,2022-10-17T23:32:20-04:00
4814f51c-964e-ed11-aac0-0afb9334277d,2d14f51c-964e-ed11-aac0-0afb9334277d,1c14f51c-964e-ed11-aac0-0afb9334277d,146e1ab8-c4ca-4a52-9261-e108b38eea53,389270.39860508335,2022-10-17T23:36:45-04:00,2022-10-17T23:36:45-04:00
4a14f51c-964e-ed11-aac0-0afb9334277d,2d14f51c-964e-ed11-aac0-0afb9334277d,1c14f51c-964e-ed11-aac0-0afb9334277d,146e1ab8-c4ca-4a52-9261-e108b38eea53,389278.09295775002,2022-10-17T23:36:53-04:00,2022-10-17T23:36:53-04:00
4d14f51c-964e-ed11-aac0-0afb9334277d,2d14f51c-964e-ed11-aac0-0afb9334277d,1c14f51c-964e-ed11-aac0-0afb9334277d,146e1ab8-c4ca-4a52-9261-e108b38eea53,389289.40557129169,2022-10-17T23:37:04-04:00,2022-10-17T23:37:04-04:00
0f142018-974e-ed11-aac0-0afb9334277d,f7132018-974e-ed11-aac0-0afb9334277d,df132018-974e-ed11-aac0-0afb9334277d,38bcd1b2-f8bc-48ee-bff2-5bca24012983,4126.446464208334,2022-10-17T23:43:41-04:00,2022-10-17T23:43:41-04:00
10142018-974e-ed11-aac0-0afb9334277d,f7132018-974e-ed11-aac0-0afb9334277d,df132018-974e-ed11-aac0-0afb9334277d,38bcd1b2-f8bc-48ee-bff2-5bca24012983,4134.4975802083336,2022-10-17T23:43:48-04:00,2022-10-17T23:43:48-04:00
11142018-974e-ed11-aac0-0afb9334277d,f7132018-974e-ed11-aac0-0afb9334277d,df132018-974e-ed11-aac0-0afb9334277d,38bcd1b2-f8bc-48ee-bff2-5bca24012983,4145.8607388750006,2022-10-17T23:44:00-04:00,2022-10-17T23:44:00-04:00
d096c965-974e-ed11-aac0-0afb9334277d,c496c965-974e-ed11-aac0-0afb9334277d,bb96c965-974e-ed11-aac0-0afb9334277d,6b0c7ed3-b1ae-47b4-8034-c3c40dd5b29b,664162.99209529173,2022-10-17T23:45:47-04:00,2022-10-17T23:45:47-04:00
d196c965-974e-ed11-aac0-0afb9334277d,c496c965-974e-ed11-aac0-0afb9334277d,bb96c965-974e-ed11-aac0-0afb9334277d,6b0c7ed3-b1ae-47b4-8034-c3c40dd5b29b,664170.67527041666,2022-10-17T23:45:55-04:00,2022-10-17T23:45:55-04:00
d296c965-974e-ed11-aac0-0afb9334277d,c496c965-974e-ed11-aac0-0afb9334277d,bb96c965-974e-ed11-aac0-0afb9334277d,6b0c7ed3-b1ae-47b4-8034-c3c40dd5b29b,664182.04657512507,2022-10-17T23:46:07-04:00,2022-10-17T23:46:07-04:00
14f44eef-974e-ed11-aac0-0afb9334277d,fdf34eef-974e-ed11-aac0-0afb9334277d,e9f34eef-974e-ed11-aac0-0afb9334277d,c8b323ca-be8b-4374-ab2c-b4788e4a0e3d,76227.400767583342,2022-10-17T23:49:31-04:00,2022-10-17T23:49:31-04:00
15f44eef-974e-ed11-aac0-0afb9334277d,fdf34eef-974e-ed11-aac0-0afb9334277d,e9f34eef-974e-ed11-aac0-0afb9334277d,c8b323ca-be8b-4374-ab2c-b4788e4a0e3d,76247.103975291669,2022-10-17T23:49:51-04:00,2022-10-17T23:49:51-04:00
16f44eef-974e-ed11-aac0-0afb9334277d,fdf34eef-974e-ed11-aac0-0afb9334277d,e9f34eef-974e-ed11-aac0-0afb9334277d,c8b323ca-be8b-4374-ab2c-b4788e4a0e3d,76258.982417916675,2022-10-17T23:50:03-04:00,2022-10-17T23:50:03-04:00
1d090773-984e-ed11-aac0-0afb9334277d,0e090773-984e-ed11-aac0-0afb9334277d,fd080773-984e-ed11-aac0-0afb9334277d,8a5a92f3-472a-4a39-bfd8-f43f60fdcd27,181151.06922975002,2022-10-17T23:53:10-04:00,2022-10-17T23:53:10-04:00
2d090773-984e-ed11-aac0-0afb9334277d,0e090773-984e-ed11-aac0-0afb9334277d,fd080773-984e-ed11-aac0-0afb9334277d,8a5a92f3-472a-4a39-bfd8-f43f60fdcd27,181158.56918700002,2022-10-17T23:53:18-04:00,2022-10-17T23:53:18-04:00
2f090773-984e-ed11-aac0-0afb9334277d,0e090773-984e-ed11-aac0-0afb9334277d,fd080773-984e-ed11-aac0-0afb9334277d,8a5a92f3-472a-4a39-bfd8-f43f60fdcd27,181170.06568175001,2022-10-17T23:53:30-04:00,2022-10-17T23:53:30-04:00
04d5bdbc-9a4e-ed11-aac0-0afb9334277d,edd4bdbc-9a4e-ed11-aac0-0afb9334277d,d0d4bdbc-9a4e-ed11-aac0-0afb9334277d,74b5736e-0605-4d41-a046-7fcb7c59e816,1057723.9251689168,2022-10-18T00:09:50-04:00,2022-10-18T00:09:50-04:00
07d5bdbc-9a4e-ed11-aac0-0afb9334277d,edd4bdbc-9a4e-ed11-aac0-0afb9334277d,d0d4bdbc-9a4e-ed11-aac0-0afb9334277d,74b5736e-0605-4d41-a046-7fcb7c59e816,1057731.715386,2022-10-18T00:09:57-04:00,2022-10-18T00:09:57-04:00
0ad5bdbc-9a4e-ed11-aac0-0afb9334277d,edd4bdbc-9a4e-ed11-aac0-0afb9334277d,d0d4bdbc-9a4e-ed11-aac0-0afb9334277d,74b5736e-0605-4d41-a046-7fcb7c59e816,1057743.06255225,2022-10-18T00:10:09-04:00,2022-10-18T00:10:09-04:00
b3d4a3d4-9a4e-ed11-aac0-0afb9334277d,90d4a3d4-9a4e-ed11-aac0-0afb9334277d,5ed4a3d4-9a4e-ed11-aac0-0afb9334277d,2262249f-9158-4ba1-9555-fa961d86e92e,526746.64865383331,2022-10-18T00:10:27-04:00,2022-10-18T00:10:27-04:00
b6d4a3d4-9a4e-ed11-aac0-0afb9334277d,90d4a3d4-9a4e-ed11-aac0-0afb9334277d,5ed4a3d4-9a4e-ed11-aac0-0afb9334277d,2262249f-9158-4ba1-9555-fa961d86e92e,526754.58780816675,2022-10-18T00:10:35-04:00,2022-10-18T00:10:35-04:00
b9d4a3d4-9a4e-ed11-aac0-0afb9334277d,90d4a3d4-9a4e-ed11-aac0-0afb9334277d,5ed4a3d4-9a4e-ed11-aac0-0afb9334277d,2262249f-9158-4ba1-9555-fa961d86e92e,526766.06884612504,2022-10-18T00:10:46-04:00,2022-10-18T00:10:46-04:00
fff484db-9b4e-ed11-aac0-0afb9334277d,f3f484db-9b4e-ed11-aac0-0afb9334277d,e8f484db-9b4e-ed11-aac0-0afb9334277d,db5e0fe0-e3bf-4aab-82f9-a3bfff92e1a3,161027.42214350001,2022-10-18T00:17:34-04:00,2022-10-18T00:17:34-04:00
00f584db-9b4e-ed11-aac0-0afb9334277d,f3f484db-9b4e-ed11-aac0-0afb9334277d,e8f484db-9b4e-ed11-aac0-0afb9334277d,db5e0fe0-e3bf-4aab-82f9-a3bfff92e1a3,161035.03305075,2022-10-18T00:17:41-04:00,2022-10-18T00:17:41-04:00
01f584db-9b4e-ed11-aac0-0afb9334277d,f3f484db-9b4e-ed11-aac0-0afb9334277d,e8f484db-9b4e-ed11-aac0-0afb9334277d,db5e0fe0-e3bf-4aab-82f9-a3bfff92e1a3,161046.29360891669,2022-10-18T00:17:52-04:00,2022-10-18T00:17:52-04:00
77a5e14a-b54e-ed11-aac0-0afb9334277d,3ca5e14a-b54e-ed11-aac0-0afb9334277d,0da5e14a-b54e-ed11-aac0-0afb9334277d,01801252-3a7e-4f5f-8b6d-49e8da3902f3,82672.856365666667,2022-10-18T00:19:50-07:00,2022-10-18T00:19:50-07:00
7ca5e14a-b54e-ed11-aac0-0afb9334277d,3ca5e14a-b54e-ed11-aac0-0afb9334277d,0da5e14a-b54e-ed11-aac0-0afb9334277d,01801252-3a7e-4f5f-8b6d-49e8da3902f3,82680.410417916675,2022-10-18T00:19:57-07:00,2022-10-18T00:19:57-07:00
7da5e14a-b54e-ed11-aac0-0afb9334277d,3ca5e14a-b54e-ed11-aac0-0afb9334277d,0da5e14a-b54e-ed11-aac0-0afb9334277d,01801252-3a7e-4f5f-8b6d-49e8da3902f3,82691.581074375004,2022-10-18T00:20:08-07:00,2022-10-18T00:20:08-07:00
3f44243b-9c4e-ed11-aac0-0afb9334277d,3144243b-9c4e-ed11-aac0-0afb9334277d,2544243b-9c4e-ed11-aac0-0afb9334277d,3bb57dd9-1d69-471c-b769-b3323748bb9f,95351.03502458334,2022-10-18T00:20:22-04:00,2022-10-18T00:20:22-04:00
4044243b-9c4e-ed11-aac0-0afb9334277d,3144243b-9c4e-ed11-aac0-0afb9334277d,2544243b-9c4e-ed11-aac0-0afb9334277d,3bb57dd9-1d69-471c-b769-b3323748bb9f,95358.658501000013,2022-10-18T00:20:29-04:00,2022-10-18T00:20:29-04:00
4244243b-9c4e-ed11-aac0-0afb9334277d,3144243b-9c4e-ed11-aac0-0afb9334277d,2544243b-9c4e-ed11-aac0-0afb9334277d,3bb57dd9-1d69-471c-b769-b3323748bb9f,95369.942031416678,2022-10-18T00:20:40-04:00,2022-10-18T00:20:40-04:00
5f4dd5d4-9f4e-ed11-aac0-0afb9334277d,534dd5d4-9f4e-ed11-aac0-0afb9334277d,4a4dd5d4-9f4e-ed11-aac0-0afb9334277d,deaf9ec8-984d-41bb-aab6-ef213452c297,2433983.7983582499,2022-10-18T00:46:13-04:00,2022-10-18T00:46:13-04:00
604dd5d4-9f4e-ed11-aac0-0afb9334277d,534dd5d4-9f4e-ed11-aac0-0afb9334277d,4a4dd5d4-9f4e-ed11-aac0-0afb9334277d,deaf9ec8-984d-41bb-aab6-ef213452c297,2433991.5134048336,2022-10-18T00:46:20-04:00,2022-10-18T00:46:20-04:00
614dd5d4-9f4e-ed11-aac0-0afb9334277d,534dd5d4-9f4e-ed11-aac0-0afb9334277d,4a4dd5d4-9f4e-ed11-aac0-0afb9334277d,deaf9ec8-984d-41bb-aab6-ef213452c297,2434002.9191173753,2022-10-18T00:46:32-04:00,2022-10-18T00:46:32-04:00
b5ef0c3f-a34e-ed11-aac0-0afb9334277d,9eef0c3f-a34e-ed11-aac0-0afb9334277d,92ef0c3f-a34e-ed11-aac0-0afb9334277d,39efadc3-7957-4b75-b560-d0d6c89cfe8b,53004.187933875,2022-10-18T01:10:35-04:00,2022-10-18T01:10:35-04:00
baef0c3f-a34e-ed11-aac0-0afb9334277d,9eef0c3f-a34e-ed11-aac0-0afb9334277d,92ef0c3f-a34e-ed11-aac0-0afb9334277d,39efadc3-7957-4b75-b560-d0d6c89cfe8b,53011.714942875005,2022-10-18T01:10:43-04:00,2022-10-18T01:10:43-04:00
bbef0c3f-a34e-ed11-aac0-0afb9334277d,9eef0c3f-a34e-ed11-aac0-0afb9334277d,92ef0c3f-a34e-ed11-aac0-0afb9334277d,39efadc3-7957-4b75-b560-d0d6c89cfe8b,53023.076956625002,2022-10-18T01:10:54-04:00,2022-10-18T01:10:54-04:00
f96213e1-af4e-ed11-aac0-0afb9334277d,ed6213e1-af4e-ed11-aac0-0afb9334277d,e46213e1-af4e-ed11-aac0-0afb9334277d,27f7805e-5951-47b4-9f42-4c6200001cc6,692.01998104166671,2022-10-18T02:41:08-04:00,2022-10-18T02:41:08-04:00
fa6213e1-af4e-ed11-aac0-0afb9334277d,ed6213e1-af4e-ed11-aac0-0afb9334277d,e46213e1-af4e-ed11-aac0-0afb9334277d,27f7805e-5951-47b4-9f42-4c6200001cc6,699.95790795833341,2022-10-18T02:41:17-04:00,2022-10-18T02:41:17-04:00
fb6213e1-af4e-ed11-aac0-0afb9334277d,ed6213e1-af4e-ed11-aac0-0afb9334277d,e46213e1-af4e-ed11-aac0-0afb9334277d,27f7805e-5951-47b4-9f42-4c6200001cc6,712.13725883333336,2022-10-18T02:41:28-04:00,2022-10-18T02:41:28-04:00
bdd2d497-b14e-ed11-aac0-0afb9334277d,b1d2d497-b14e-ed11-aac0-0afb9334277d,a7d2d497-b14e-ed11-aac0-0afb9334277d,6d9ce034-4fcd-407e-9e35-9dd9caafe1fe,79501.512050750011,2022-10-18T02:53:19-04:00,2022-10-18T02:53:19-04:00
bed2d497-b14e-ed11-aac0-0afb9334277d,b1d2d497-b14e-ed11-aac0-0afb9334277d,a7d2d497-b14e-ed11-aac0-0afb9334277d,6d9ce034-4fcd-407e-9e35-9dd9caafe1fe,79510.182032208337,2022-10-18T02:53:28-04:00,2022-10-18T02:53:28-04:00
bfd2d497-b14e-ed11-aac0-0afb9334277d,b1d2d497-b14e-ed11-aac0-0afb9334277d,a7d2d497-b14e-ed11-aac0-0afb9334277d,6d9ce034-4fcd-407e-9e35-9dd9caafe1fe,79521.989302125003,2022-10-18T02:53:40-04:00,2022-10-18T02:53:40-04:00
4de0e259-d24e-ed11-aac0-0afb9334277d,03e0e259-d24e-ed11-aac0-0afb9334277d,63a8ea53-d24e-ed11-aac0-0afb9334277d,2baee05a-5e5a-4436-8c25-2628d46d1e08,247262.26523779167,2022-10-18T06:47:40-04:00,2022-10-18T06:47:40-04:00
56e0e259-d24e-ed11-aac0-0afb9334277d,03e0e259-d24e-ed11-aac0-0afb9334277d,63a8ea53-d24e-ed11-aac0-0afb9334277d,2baee05a-5e5a-4436-8c25-2628d46d1e08,247271.0789625,2022-10-18T06:47:48-04:00,2022-10-18T06:47:48-04:00
5ee0e259-d24e-ed11-aac0-0afb9334277d,03e0e259-d24e-ed11-aac0-0afb9334277d,63a8ea53-d24e-ed11-aac0-0afb9334277d,2baee05a-5e5a-4436-8c25-2628d46d1e08,247282.52504445834,2022-10-18T06:47:59-04:00,2022-10-18T06:47:59-04:00
