AppleLocationVisitKey,ParticipantIdentifier,ArrivalTime,DepartureTime,Latitude,Longitude,HorizontalAccuracy,InsertedDate
423e2b67-b550-ed11-aac0-0afb9334277d,bfc23509-915e-4c0a-bbad-8ed6fe3df8f1,2022-10-20T16:21:37-04:00,,43.851304599999999,-79.254657300000005,3141.0450513627179,2022-10-20T20:26:03Z
30ea74bd-b250-ed11-aac0-0afb9334277d,bfc23509-915e-4c0a-bbad-8ed6fe3df8f1,2022-10-20T08:57:00-04:00,2022-10-20T16:06:02-04:00,43.788739910574684,-79.209575222538604,3662.6970391559107,2022-10-20T20:06:55Z
157eaf51-7750-ed11-aac0-0afb9334277d,bfc23509-915e-4c0a-bbad-8ed6fe3df8f1,2022-10-20T08:57:00-04:00,,43.788604902266911,-79.207106574613917,3662.6970391559107,2022-10-20T13:01:35Z
562bf894-7450-ed11-aac0-0afb9334277d,bfc23509-915e-4c0a-bbad-8ed6fe3df8f1,2022-10-19T19:39:19-04:00,2022-10-20T08:41:17-04:00,43.851304599999999,-79.254657300000005,3141.0450513627179,2022-10-20T12:42:04Z
be7b2129-8950-ed11-aac0-0afb9334277d,6d9ce034-4fcd-407e-9e35-9dd9caafe1fe,2022-10-20T11:04:57-04:00,,43.785206508547873,-79.187693196223933,4.9062439033474323,2022-10-20T15:09:17Z
6fc07495-b850-ed11-aac0-0afb9334277d,0501ba67-3406-4779-aff1-878a0e9f7885,2022-10-20T12:54:49-04:00,2022-10-20T16:48:00-04:00,43.784022618654873,-79.187727034856664,104.8308615039637,2022-10-20T20:48:46Z
07ef4ca7-c850-ed11-aac0-0afb9334277d,afbd4906-0513-42b1-91ce-d25065842f55,2022-10-20T18:38:49-04:00,,43.784263401499999,-79.185586406153135,44,2022-10-20T22:43:49Z
e4552dfb-c850-ed11-aac0-0afb9334277d,6e86c427-c679-4acd-aeb4-19ada9022b66,2022-10-20T18:41:34-04:00,,43.78486548399141,-79.229677153781964,141.70417190017241,2022-10-20T22:46:08Z
0935e7f8-e750-ed11-aac0-0afb9334277d,6d9ce034-4fcd-407e-9e35-9dd9caafe1fe,2022-10-20T22:27:07-04:00,,43.886337921324078,-78.897725717166921,4.7305893068863405,2022-10-21T02:28:06Z
c91bf4b9-0051-ed11-aac1-0afb9334277d,afbd4906-0513-42b1-91ce-d25065842f55,2022-10-21T01:20:15-04:00,,43.768265594475977,-79.187516305009026,44.520166295467568,2022-10-21T05:25:09Z
962d4ee2-0651-ed11-aac1-0afb9334277d,afbd4906-0513-42b1-91ce-d25065842f55,2022-10-21T02:03:56-04:00,,43.783990393414157,-79.184383337326622,37,2022-10-21T06:09:22Z
5737050a-7750-ed11-aac0-0afb9334277d,412330b3-cc02-4030-96cd-f4cfdcc45fa6,2022-10-20T08:55:11-04:00,,43.784173689435342,-79.187219984013822,82.666666666666671,2022-10-20T12:59:33Z
955baf9a-8050-ed11-aac0-0afb9334277d,6d9ce034-4fcd-407e-9e35-9dd9caafe1fe,2022-10-20T10:02:05-04:00,,43.889011632008803,-78.902661536146113,4.7682848539338831,2022-10-20T14:08:04Z
88984349-8150-ed11-aac0-0afb9334277d,6d9ce034-4fcd-407e-9e35-9dd9caafe1fe,2022-10-20T10:02:05-04:00,2022-10-20T10:12:35-04:00,43.888791197072258,-78.902590510966732,81.294509712571482,2022-10-20T14:13:01Z
141e9ab1-8850-ed11-aac0-0afb9334277d,afbd4906-0513-42b1-91ce-d25065842f55,2022-10-20T00:55:41-04:00,2022-10-20T11:01:22-04:00,43.782522114364653,-79.184354207225653,17.005574645423778,2022-10-20T15:05:57Z
529293b7-8850-ed11-aac0-0afb9334277d,afbd4906-0513-42b1-91ce-d25065842f55,2022-10-20T11:01:28-04:00,,43.784669375453049,-79.185951461915508,35,2022-10-20T15:06:05Z
afa444ff-8850-ed11-aac0-0afb9334277d,deaf9ec8-984d-41bb-aab6-ef213452c297,2022-10-20T11:03:52-04:00,,43.78676973685846,-79.189568570114218,35.000215907842097,2022-10-20T15:08:12Z
e5c54ada-8f50-ed11-aac0-0afb9334277d,6d9ce034-4fcd-407e-9e35-9dd9caafe1fe,2022-10-20T11:04:57-04:00,2022-10-20T11:51:59-04:00,43.785457361884774,-79.187460953438617,108.47427197214071,2022-10-20T15:57:17Z
eb6e42e0-8f50-ed11-aac0-0afb9334277d,6d9ce034-4fcd-407e-9e35-9dd9caafe1fe,2022-10-20T11:52:39-04:00,,43.783615436795351,-79.188793727992248,29,2022-10-20T15:57:27Z
643c83c0-9050-ed11-aac0-0afb9334277d,deaf9ec8-984d-41bb-aab6-ef213452c297,2022-10-20T11:55:22-04:00,,43.783599850136987,-79.188781708759507,76.666666666666671,2022-10-20T16:03:41Z
e50e9377-9450-ed11-aac0-0afb9334277d,deaf9ec8-984d-41bb-aab6-ef213452c297,2022-10-20T12:25:45-04:00,,43.78702832525066,-79.189806145249037,53.085245658526595,2022-10-20T16:30:13Z
b5916f95-9450-ed11-aac0-0afb9334277d,0501ba67-3406-4779-aff1-878a0e9f7885,2022-10-20T12:26:39-04:00,,43.77668714810774,-79.173387037143684,134.7741662120269,2022-10-20T16:31:07Z
927551c0-9550-ed11-aac0-0afb9334277d,0501ba67-3406-4779-aff1-878a0e9f7885,2022-10-20T12:26:39-04:00,2022-10-20T12:36:27-04:00,43.77677825545031,-79.173176219327601,66.871604621749725,2022-10-20T16:39:31Z
ecf7e179-9650-ed11-aac0-0afb9334277d,0501ba67-3406-4779-aff1-878a0e9f7885,2022-10-20T12:39:06-04:00,,43.770919007055319,-79.186633359087367,77,2022-10-20T16:44:41Z
692936a5-9750-ed11-aac0-0afb9334277d,0501ba67-3406-4779-aff1-878a0e9f7885,2022-10-20T12:39:06-04:00,2022-10-20T12:48:17-04:00,43.771074655551118,-79.186836721976405,56.197244778971104,2022-10-20T16:53:05Z
9a17261d-9850-ed11-aac0-0afb9334277d,0501ba67-3406-4779-aff1-878a0e9f7885,2022-10-20T12:54:49-04:00,,43.784542140546677,-79.18763168499494,65.666666666666671,2022-10-20T16:56:19Z
e5fb9368-9b50-ed11-aac0-0afb9334277d,412330b3-cc02-4030-96cd-f4cfdcc45fa6,2022-10-20T13:14:31-04:00,,43.790123658295521,-79.193777851834142,54.216315396993679,2022-10-20T17:20:01Z
ab4684c4-a450-ed11-aac0-0afb9334277d,6e86c427-c679-4acd-aeb4-19ada9022b66,2022-10-19T14:54:48-04:00,2022-10-20T14:25:15-04:00,43.784676994352971,-79.230099107483255,19.79176609644821,2022-10-20T18:27:01Z
66f136da-a750-ed11-aac0-0afb9334277d,deaf9ec8-984d-41bb-aab6-ef213452c297,2022-10-20T14:44:02-04:00,,43.963156406609286,-79.245156667160217,40,2022-10-20T18:49:06Z
719fae6f-a850-ed11-aac0-0afb9334277d,6d9ce034-4fcd-407e-9e35-9dd9caafe1fe,2022-10-20T14:46:14-04:00,,43.784951691620712,-79.186924800536914,20,2022-10-20T18:53:10Z
e4e379e0-ad50-ed11-aac0-0afb9334277d,deaf9ec8-984d-41bb-aab6-ef213452c297,2022-10-20T14:44:02-04:00,2022-10-20T15:30:17-04:00,43.963400652557411,-79.245016380886824,64.015451103087472,2022-10-20T19:32:10Z
e244058b-b150-ed11-aac0-0afb9334277d,deaf9ec8-984d-41bb-aab6-ef213452c297,2022-10-20T15:56:14-04:00,,43.963128102449197,-79.244967639584715,42,2022-10-20T19:58:20Z
5b249e52-cb50-ed11-aac0-0afb9334277d,156895d9-0f71-4844-92dd-3fb298f84f2b,2022-10-20T18:58:34-04:00,,43.785080687247785,-79.187333520897255,4.7453111604450839,2022-10-20T23:03:00Z
17d87592-b650-ed11-aac0-0afb9334277d,6d9ce034-4fcd-407e-9e35-9dd9caafe1fe,2022-10-20T16:33:18-04:00,,43.887493153970496,-78.89829297985834,209.4475188361946,2022-10-20T20:34:24Z
8e849c71-b850-ed11-aac0-0afb9334277d,6d9ce034-4fcd-407e-9e35-9dd9caafe1fe,2022-10-20T16:33:18-04:00,2022-10-20T16:46:47-04:00,43.886476151671857,-78.897969171277452,61.384104710123452,2022-10-20T20:47:45Z
ee0c7da3-b950-ed11-aac0-0afb9334277d,0501ba67-3406-4779-aff1-878a0e9f7885,2022-10-20T16:54:18-04:00,,43.776066068298789,-79.168470214065252,170.27049563663749,2022-10-20T20:56:25Z
c0e70957-ba50-ed11-aac0-0afb9334277d,6d9ce034-4fcd-407e-9e35-9dd9caafe1fe,2022-10-20T17:00:25-04:00,,43.918199110837669,-78.95016473432149,4.7766979141193726,2022-10-20T21:01:23Z
0329c558-c450-ed11-aac0-0afb9334277d,afbd4906-0513-42b1-91ce-d25065842f55,2022-10-20T11:01:28-04:00,2022-10-20T18:08:38-04:00,43.783740681746409,-79.1858424091823,103.23169680350199,2022-10-20T22:13:05Z
baff8529-c850-ed11-aac0-0afb9334277d,6e86c427-c679-4acd-aeb4-19ada9022b66,2022-10-20T14:34:19-04:00,2022-10-20T18:33:43-04:00,43.77559432440092,-79.257800128066265,100.33658611068466,2022-10-20T22:40:17Z
79a62a55-d150-ed11-aac0-0afb9334277d,afbd4906-0513-42b1-91ce-d25065842f55,2022-10-20T19:40:37-04:00,,43.782413081975363,-79.18532084115688,21,2022-10-20T23:45:59Z
a7ddbb16-dc50-ed11-aac0-0afb9334277d,afbd4906-0513-42b1-91ce-d25065842f55,2022-10-20T19:40:37-04:00,2022-10-20T21:00:36-04:00,43.783404689695452,-79.185676797027511,107.50586625040802,2022-10-21T01:02:59Z
a5b9b3ef-dc50-ed11-aac0-0afb9334277d,afbd4906-0513-42b1-91ce-d25065842f55,2022-10-20T21:04:12-04:00,,43.797753494722727,-79.20124954322705,40,2022-10-21T01:09:02Z
08892b61-dd50-ed11-aac0-0afb9334277d,deaf9ec8-984d-41bb-aab6-ef213452c297,2022-10-20T20:49:19-04:00,2022-10-20T21:11:18-04:00,43.965146018783138,-79.27043654103845,36.418739864967897,2022-10-21T01:12:12Z
fe0cffa4-de50-ed11-aac0-0afb9334277d,deaf9ec8-984d-41bb-aab6-ef213452c297,2022-10-20T21:15:19-04:00,,43.964553545785002,-79.246588798273578,4.5963991885338409,2022-10-21T01:21:19Z
4b8cf7aa-de50-ed11-aac0-0afb9334277d,deaf9ec8-984d-41bb-aab6-ef213452c297,2022-10-20T21:15:19-04:00,2022-10-20T21:21:00-04:00,43.963996153805176,-79.250081358426556,4.8489437425109045,2022-10-21T01:21:22Z
a5de4095-e050-ed11-aac0-0afb9334277d,afbd4906-0513-42b1-91ce-d25065842f55,2022-10-20T21:04:12-04:00,2022-10-20T21:32:04-04:00,43.797751053286788,-79.201436027343391,50.628783071816883,2022-10-21T01:35:07Z
bbbbba54-e150-ed11-aac0-0afb9334277d,afbd4906-0513-42b1-91ce-d25065842f55,2022-10-20T21:38:37-04:00,,43.783281705811433,-79.184396384312791,35,2022-10-21T01:40:25Z
95e4d2f1-e250-ed11-aac0-0afb9334277d,deaf9ec8-984d-41bb-aab6-ef213452c297,2022-10-20T21:24:14-04:00,2022-10-20T21:45:46-04:00,43.956018169596106,-79.274534419615719,70.251618787947834,2022-10-21T01:52:05Z
9bdd5da5-e350-ed11-aac0-0afb9334277d,deaf9ec8-984d-41bb-aab6-ef213452c297,2022-10-20T21:49:44-04:00,,43.963297394226416,-79.244921596256447,22.434436510328087,2022-10-21T01:56:59Z
59d4be6d-e650-ed11-aac0-0afb9334277d,6d9ce034-4fcd-407e-9e35-9dd9caafe1fe,2022-10-20T17:00:25-04:00,2022-10-20T22:15:09-04:00,43.918184244101553,-78.950401608653593,36.225505205818294,2022-10-21T02:17:02Z
a3d319c5-ff50-ed11-aac1-0afb9334277d,afbd4906-0513-42b1-91ce-d25065842f55,2022-10-20T21:38:37-04:00,2022-10-21T01:15:55-04:00,43.783040047195186,-79.184369144954928,49.740468536275692,2022-10-21T05:18:26Z
c5b315db-0551-ed11-aac1-0afb9334277d,afbd4906-0513-42b1-91ce-d25065842f55,2022-10-21T01:20:15-04:00,2022-10-21T02:00:37-04:00,43.768631586314271,-79.188041375220521,64.918812137554326,2022-10-21T06:02:01Z
29a04789-6a50-ed11-aac0-0afb9334277d,4217d9ff-07c0-42a5-9da9-f2e351b40709,2022-10-20T07:28:39-04:00,,43.784955482275123,-79.186948028419749,35,2022-10-20T11:30:07Z
33a3dea0-6d50-ed11-aac0-0afb9334277d,39efadc3-7957-4b75-b560-d0d6c89cfe8b,2022-10-20T07:47:51-04:00,,43.786781843429388,-79.189285488577482,102.33333333333333,2022-10-20T11:52:19Z
f0168ec5-7150-ed11-aac0-0afb9334277d,fa996c7b-fd1c-4cba-990a-336f4cefaeb4,2022-10-19T17:21:01-04:00,2022-10-20T08:17:21-04:00,43.791932584669325,-79.246825471616759,8.2965170980465981,2022-10-20T12:21:58Z
f548bbad-7550-ed11-aac0-0afb9334277d,fa996c7b-fd1c-4cba-990a-336f4cefaeb4,2022-10-20T08:49:03-04:00,,43.784302555924754,-79.185927782811746,4.7824251663783954,2022-10-20T12:49:49Z
b3f28582-7b50-ed11-aac0-0afb9334277d,3bda5c1a-959c-4f73-b27a-96c8a8801a3c,2022-10-19T17:34:46-04:00,2022-10-20T09:27:07-04:00,43.76065819818011,-79.512698395233357,4265.2604753276482,2022-10-20T13:31:38Z
dbe62ed8-8d50-ed11-aac0-0afb9334277d,fa996c7b-fd1c-4cba-990a-336f4cefaeb4,2022-10-20T11:38:35-04:00,,43.776258967325454,-79.231504857523845,5.0064078202384614,2022-10-20T15:42:57Z
281e3408-9150-ed11-aac0-0afb9334277d,fa996c7b-fd1c-4cba-990a-336f4cefaeb4,2022-10-20T12:01:18-04:00,,43.793428142799662,-79.240149970243593,5.1625275545746341,2022-10-20T16:05:45Z
cffc83ab-9250-ed11-aac0-0afb9334277d,a9de00be-460d-4b74-bed3-bf013fe2052a,2022-10-20T12:12:11-04:00,,43.765422010313493,-79.28141226756108,37,2022-10-20T16:17:28Z
13ea27d1-9450-ed11-aac0-0afb9334277d,a01397bb-a8a5-4cd1-af6f-6ace410f125d,2022-10-20T12:28:27-04:00,,43.788574409515114,-79.187940007039131,4.7764855531165269,2022-10-20T16:32:48Z
bcfef8c8-a950-ed11-aac0-0afb9334277d,3223b573-6de0-4aeb-b005-dd2e467b1e62,2022-10-20T14:58:16-04:00,,43.784229056733082,-79.187634481148649,68,2022-10-20T19:02:56Z
35da1ae0-b650-ed11-aac0-0afb9334277d,a33e1d38-6ee8-4da6-993b-a94a8ae7fc30,2022-10-20T11:59:20-04:00,2022-10-20T16:29:19-04:00,43.783724193040001,-79.188603803173265,73.451590639623049,2022-10-20T20:36:33Z
78a5280f-ba50-ed11-aac0-0afb9334277d,98cb45a7-4057-4e81-b1d7-e7aede5e106e,2022-10-20T16:40:01-04:00,2022-10-20T16:58:16-04:00,43.855836748831223,-79.079814223160895,26.782417285878758,2022-10-20T20:59:20Z
04fe4f62-c250-ed11-aac0-0afb9334277d,a33e1d38-6ee8-4da6-993b-a94a8ae7fc30,2022-10-20T17:01:09-04:00,2022-10-20T17:53:45-04:00,43.761513602684076,-79.279930633586076,26.638590172633535,2022-10-20T21:58:58Z
e08232e7-c350-ed11-aac0-0afb9334277d,a33e1d38-6ee8-4da6-993b-a94a8ae7fc30,2022-10-20T18:03:42-04:00,,43.76601337973544,-79.248068764653866,27,2022-10-20T22:09:53Z
f10bd0da-d350-ed11-aac0-0afb9334277d,596d1036-bafa-47c3-9886-a588a37789bb,2022-10-20T20:03:34-04:00,,43.951759539197553,-78.846145390156792,35,2022-10-21T00:03:58Z
6f42b773-e650-ed11-aac0-0afb9334277d,3bda5c1a-959c-4f73-b27a-96c8a8801a3c,2022-10-20T16:51:23-04:00,2022-10-20T22:12:44-04:00,43.763275200000002,-79.491277299999993,5012.9797046632766,2022-10-21T02:17:07Z
a07e1fb7-e750-ed11-aac0-0afb9334277d,a33e1d38-6ee8-4da6-993b-a94a8ae7fc30,2022-10-20T22:18:22-04:00,,43.766166088621553,-79.248050952845418,20,2022-10-21T02:26:10Z
10e4449a-e850-ed11-aac0-0afb9334277d,3bda5c1a-959c-4f73-b27a-96c8a8801a3c,2022-10-20T22:23:45-04:00,2022-10-20T22:31:14-04:00,43.763275200000002,-79.491277299999993,5012.9797046632766,2022-10-21T02:32:28Z
9a0be2ee-6a50-ed11-aac0-0afb9334277d,fed3a16b-c5a3-4a84-a111-32b7574e04b5,,2022-10-20T07:29:19-04:00,43.765535935754613,-79.281535718920466,49.185456077339111,2022-10-20T11:32:59Z
79947d88-7b50-ed11-aac0-0afb9334277d,3bda5c1a-959c-4f73-b27a-96c8a8801a3c,2022-10-20T09:27:17-04:00,,43.758831101842091,-79.509134326328862,4265.2604753276482,2022-10-20T13:31:48Z
3404e270-8050-ed11-aac0-0afb9334277d,98cb45a7-4057-4e81-b1d7-e7aede5e106e,2022-10-20T10:02:23-04:00,,43.847788197339263,-79.074510037469878,4.86255905097042,2022-10-20T14:06:59Z
af04cbcd-8250-ed11-aac0-0afb9334277d,98cb45a7-4057-4e81-b1d7-e7aede5e106e,2022-10-20T10:02:23-04:00,2022-10-20T10:23:00-04:00,43.847790230591201,-79.074511351971211,24.209530941789286,2022-10-20T14:23:47Z
695c25f0-8550-ed11-aac0-0afb9334277d,a33e1d38-6ee8-4da6-993b-a94a8ae7fc30,2022-10-19T20:00:54-04:00,2022-10-20T10:40:10-04:00,43.76621297559813,-79.248101600595035,29.487152475910335,2022-10-20T14:46:16Z
2d49e461-8650-ed11-aac0-0afb9334277d,98cb45a7-4057-4e81-b1d7-e7aede5e106e,2022-10-20T10:44:49-04:00,,43.786881476287661,-79.189349028345646,44,2022-10-20T14:49:24Z
1866e482-8950-ed11-aac0-0afb9334277d,a33e1d38-6ee8-4da6-993b-a94a8ae7fc30,2022-10-20T11:05:56-04:00,,43.786777212102194,-79.189735200295644,35,2022-10-20T15:11:46Z
39f5752a-8a50-ed11-aac0-0afb9334277d,3bda5c1a-959c-4f73-b27a-96c8a8801a3c,2022-10-20T10:52:23-04:00,,43.786544345371574,-79.252914979234248,2846.4111232003011,2022-10-20T15:16:32Z
3cf5752a-8a50-ed11-aac0-0afb9334277d,3bda5c1a-959c-4f73-b27a-96c8a8801a3c,2022-10-20T10:52:23-04:00,2022-10-20T10:58:00-04:00,43.785473260293699,-79.258051624820496,2846.4111232003011,2022-10-20T15:16:32Z
3ff5752a-8a50-ed11-aac0-0afb9334277d,3bda5c1a-959c-4f73-b27a-96c8a8801a3c,2022-10-20T11:10:47-04:00,,43.808361482475057,-79.164142850137139,5229.9838825442557,2022-10-20T15:16:32Z
9f17b568-8c50-ed11-aac0-0afb9334277d,fa996c7b-fd1c-4cba-990a-336f4cefaeb4,2022-10-20T08:49:03-04:00,2022-10-20T11:28:51-04:00,43.783649895439297,-79.188138712687547,62.100184878701356,2022-10-20T15:32:40Z
531f8fec-8c50-ed11-aac0-0afb9334277d,4217d9ff-07c0-42a5-9da9-f2e351b40709,2022-10-20T10:37:40-04:00,,43.787015551026954,-79.189738023702404,35,2022-10-20T15:36:17Z
541f8fec-8c50-ed11-aac0-0afb9334277d,4217d9ff-07c0-42a5-9da9-f2e351b40709,2022-10-20T10:37:40-04:00,2022-10-20T11:31:36-04:00,43.786738659230586,-79.18915512330905,61.491371643972045,2022-10-20T15:36:17Z
551f8fec-8c50-ed11-aac0-0afb9334277d,4217d9ff-07c0-42a5-9da9-f2e351b40709,2022-10-20T07:28:39-04:00,2022-10-20T10:37:17-04:00,43.78350334881334,-79.186950391518934,85.246569338604914,2022-10-20T15:36:17Z
e8df91f2-8c50-ed11-aac0-0afb9334277d,98cb45a7-4057-4e81-b1d7-e7aede5e106e,2022-10-20T11:31:57-04:00,,43.78475949997442,-79.186204081874394,35,2022-10-20T15:36:26Z
d90cd32a-8d50-ed11-aac0-0afb9334277d,4217d9ff-07c0-42a5-9da9-f2e351b40709,2022-10-20T11:32:00-04:00,,43.7848264043635,-79.18613938407799,35,2022-10-20T15:38:00Z
87a561c2-8f50-ed11-aac0-0afb9334277d,fa996c7b-fd1c-4cba-990a-336f4cefaeb4,2022-10-20T11:38:35-04:00,2022-10-20T11:55:04-04:00,43.77630460417501,-79.231500861152355,30.615791754560497,2022-10-20T15:56:37Z
342eec66-9050-ed11-aac0-0afb9334277d,39efadc3-7957-4b75-b560-d0d6c89cfe8b,2022-10-20T11:56:36-04:00,,43.783839990730698,-79.186989388853064,100.33333333333333,2022-10-20T16:01:13Z
854589b4-9050-ed11-aac0-0afb9334277d,a33e1d38-6ee8-4da6-993b-a94a8ae7fc30,2022-10-20T11:05:56-04:00,2022-10-20T11:58:20-04:00,43.786780225340259,-79.189494765520365,44.063181666524912,2022-10-20T16:03:20Z
738a7bc6-9050-ed11-aac0-0afb9334277d,a33e1d38-6ee8-4da6-993b-a94a8ae7fc30,2022-10-20T11:59:20-04:00,,43.783256088610258,-79.187225994518471,145.29541410885753,2022-10-20T16:03:55Z
d43e4cf6-9050-ed11-aac0-0afb9334277d,a9de00be-460d-4b74-bed3-bf013fe2052a,2022-10-19T20:31:42-04:00,2022-10-20T11:58:47-04:00,43.74060750981085,-79.272558532667915,27.390115071834884,2022-10-20T16:05:09Z
b5553a20-9150-ed11-aac0-0afb9334277d,a9de00be-460d-4b74-bed3-bf013fe2052a,2022-10-20T12:04:21-04:00,,43.741978544098849,-79.271655323251323,159.41691598544423,2022-10-20T16:06:20Z
0c85db26-9150-ed11-aac0-0afb9334277d,5e0ae9ff-7cb8-499d-bee1-b1226869c14e,2022-10-20T12:01:02-04:00,,43.7838406117868,-79.187077138287052,30,2022-10-20T16:06:36Z
ecc1d22c-9150-ed11-aac0-0afb9334277d,a9de00be-460d-4b74-bed3-bf013fe2052a,2022-10-20T12:04:21-04:00,2022-10-20T12:05:52-04:00,43.743107200430259,-79.271958812255434,193.84385621008312,2022-10-20T16:06:47Z
b6a336ce-9150-ed11-aac0-0afb9334277d,fa996c7b-fd1c-4cba-990a-336f4cefaeb4,2022-10-20T12:01:18-04:00,2022-10-20T12:06:50-04:00,43.793084842853702,-79.24182831091936,5.3593730798290382,2022-10-20T16:11:11Z
9476d75d-9250-ed11-aac0-0afb9334277d,fa996c7b-fd1c-4cba-990a-336f4cefaeb4,2022-10-20T12:10:55-04:00,,43.791936223284374,-79.246818904747983,4.8562169250922045,2022-10-20T16:15:14Z
67c064c9-9250-ed11-aac0-0afb9334277d,a9de00be-460d-4b74-bed3-bf013fe2052a,2022-10-20T12:12:11-04:00,2022-10-20T12:17:47-04:00,43.766184528108965,-79.279710229030854,202.80120501299618,2022-10-20T16:18:17Z
8fb832d8-9550-ed11-aac0-0afb9334277d,a01397bb-a8a5-4cd1-af6f-6ace410f125d,2022-10-20T12:28:27-04:00,2022-10-20T12:35:44-04:00,43.786913999542222,-79.188127627001464,8.0296012935473549,2022-10-20T16:40:10Z
77c0f849-9650-ed11-aac0-0afb9334277d,27f7805e-5951-47b4-9f42-4c6200001cc6,2022-10-20T08:41:04-04:00,2022-10-20T12:21:24-04:00,43.7877393958696,-79.278857736378072,108.31171634923382,2022-10-20T16:43:17Z
78c0f849-9650-ed11-aac0-0afb9334277d,27f7805e-5951-47b4-9f42-4c6200001cc6,2022-10-19T19:48:26-04:00,2022-10-20T08:35:11-04:00,43.784481364870182,-79.262402583696812,18.493097304074151,2022-10-20T16:43:17Z
82c0f849-9650-ed11-aac0-0afb9334277d,27f7805e-5951-47b4-9f42-4c6200001cc6,2022-10-20T08:41:04-04:00,,43.787801841161546,-79.278001625991593,128.3751037636047,2022-10-20T16:43:17Z
8dc0f849-9650-ed11-aac0-0afb9334277d,27f7805e-5951-47b4-9f42-4c6200001cc6,2022-10-20T12:40:18-04:00,,43.784633630000002,-79.262405389999998,71,2022-10-20T16:43:17Z
0455f14f-9650-ed11-aac0-0afb9334277d,a01397bb-a8a5-4cd1-af6f-6ace410f125d,2022-10-20T12:39:12-04:00,,43.784573027978794,-79.187155507409742,66,2022-10-20T16:43:32Z
342aa4f4-ab50-ed11-aac0-0afb9334277d,a01397bb-a8a5-4cd1-af6f-6ace410f125d,2022-10-20T12:39:14-04:00,2022-10-20T15:13:54-04:00,43.784588794538074,-79.187061330912883,36.996542914868954,2022-10-20T19:18:21Z
3adbecb4-ac50-ed11-aac0-0afb9334277d,a01397bb-a8a5-4cd1-af6f-6ace410f125d,2022-10-20T15:19:31-04:00,2022-10-20T15:23:05-04:00,43.787953755390994,-79.190914583838179,5.1402886919083954,2022-10-20T19:23:50Z
4e115ddc-af50-ed11-aac0-0afb9334277d,5e0ae9ff-7cb8-499d-bee1-b1226869c14e,2022-10-20T15:41:59-04:00,,43.78349351250489,-79.184151194808678,49.666666666666664,2022-10-20T19:46:26Z
f35ff2ae-b150-ed11-aac0-0afb9334277d,a01397bb-a8a5-4cd1-af6f-6ace410f125d,2022-10-20T15:58:42-04:00,,43.889954735073253,-79.285817901361384,10,2022-10-20T19:59:26Z
25c47ce8-b350-ed11-aac0-0afb9334277d,3bda5c1a-959c-4f73-b27a-96c8a8801a3c,2022-10-20T14:39:28-04:00,2022-10-20T16:12:16-04:00,43.757850027091351,-79.51001911266529,4265.2604753276482,2022-10-20T20:15:18Z
4e6cacb9-b450-ed11-aac0-0afb9334277d,3223b573-6de0-4aeb-b005-dd2e467b1e62,2022-10-20T14:58:16-04:00,2022-10-20T16:16:36-04:00,43.784679187374287,-79.187323450224298,75.169555083612536,2022-10-20T20:21:15Z
56e1a5bf-b450-ed11-aac0-0afb9334277d,3223b573-6de0-4aeb-b005-dd2e467b1e62,2022-10-20T16:20:54-04:00,,43.782388787419393,-79.185151443670733,35,2022-10-20T20:21:23Z
0a538075-b750-ed11-aac0-0afb9334277d,98cb45a7-4057-4e81-b1d7-e7aede5e106e,2022-10-20T16:40:01-04:00,,43.855894237924055,-79.07983069928315,7.0939050253886737,2022-10-20T20:40:48Z
0c538075-b750-ed11-aac0-0afb9334277d,98cb45a7-4057-4e81-b1d7-e7aede5e106e,2022-10-20T11:31:57-04:00,2022-10-20T16:16:42-04:00,43.78441102851292,-79.18711401536865,87.504946486200836,2022-10-20T20:40:48Z
954dfaf8-b750-ed11-aac0-0afb9334277d,fa996c7b-fd1c-4cba-990a-336f4cefaeb4,2022-10-20T12:10:55-04:00,2022-10-20T16:43:23-04:00,43.791924878652004,-79.246853705331674,24.202226236566485,2022-10-20T20:44:27Z
fe005c49-b950-ed11-aac0-0afb9334277d,3bda5c1a-959c-4f73-b27a-96c8a8801a3c,2022-10-20T16:51:23-04:00,,43.763275200000002,-79.491277299999993,5012.9797046632766,2022-10-20T20:53:52Z
1b453e88-bb50-ed11-aac0-0afb9334277d,98cb45a7-4057-4e81-b1d7-e7aede5e106e,2022-10-20T17:02:45-04:00,,43.852379856519363,-79.096581323009161,69.380489740829972,2022-10-20T21:09:56Z
c9ebeee7-bb50-ed11-aac0-0afb9334277d,fa996c7b-fd1c-4cba-990a-336f4cefaeb4,2022-10-20T17:07:53-04:00,,43.765206512866222,-79.414787746828083,88.666666666666671,2022-10-20T21:12:37Z
a96d8620-c250-ed11-aac0-0afb9334277d,27f7805e-5951-47b4-9f42-4c6200001cc6,2022-10-20T17:55:04-04:00,,43.784476341338944,-79.262150688864082,35,2022-10-20T21:57:03Z
145f3b9e-c250-ed11-aac0-0afb9334277d,39efadc3-7957-4b75-b560-d0d6c89cfe8b,2022-10-20T11:56:36-04:00,2022-10-20T17:57:29-04:00,43.783773332678052,-79.187738691955715,76.453018151466921,2022-10-20T22:00:33Z
a1d62a05-c450-ed11-aac0-0afb9334277d,39efadc3-7957-4b75-b560-d0d6c89cfe8b,2022-10-20T18:08:13-04:00,,43.803928877196455,-79.209468892282644,20,2022-10-20T22:10:37Z
0b928ee8-c450-ed11-aac0-0afb9334277d,98cb45a7-4057-4e81-b1d7-e7aede5e106e,2022-10-20T17:02:45-04:00,2022-10-20T18:16:12-04:00,43.852099607403012,-79.096097180620106,63.072684431766,2022-10-20T22:17:06Z
903c94de-c550-ed11-aac0-0afb9334277d,98cb45a7-4057-4e81-b1d7-e7aede5e106e,2022-10-20T18:22:49-04:00,,43.855915651314497,-79.079876343891513,7.5950601056144205,2022-10-20T22:23:57Z
e914b5b5-c650-ed11-aac0-0afb9334277d,98cb45a7-4057-4e81-b1d7-e7aede5e106e,2022-10-20T18:22:49-04:00,2022-10-20T18:25:31-04:00,43.857593585961972,-79.081542683853101,5.3458200195430914,2022-10-20T22:29:54Z
58e1a5c1-c650-ed11-aac0-0afb9334277d,98cb45a7-4057-4e81-b1d7-e7aede5e106e,2022-10-20T18:29:33-04:00,,43.858241379419056,-79.080253254526511,10.483385319185571,2022-10-20T22:30:11Z
4ad37177-c850-ed11-aac0-0afb9334277d,5e0ae9ff-7cb8-499d-bee1-b1226869c14e,2022-10-20T15:41:59-04:00,2022-10-20T18:35:05-04:00,43.783453236502538,-79.184112499381271,25.011844441079408,2022-10-20T22:42:33Z
60f9677d-c850-ed11-aac0-0afb9334277d,5e0ae9ff-7cb8-499d-bee1-b1226869c14e,2022-10-20T18:35:24-04:00,,43.784963470845724,-79.186931336339342,20,2022-10-20T22:42:41Z
5804c99c-c950-ed11-aac0-0afb9334277d,98cb45a7-4057-4e81-b1d7-e7aede5e106e,2022-10-20T18:46:17-04:00,,43.85580515996444,-79.079812041861018,9.3178798665545433,2022-10-20T22:50:44Z
01040890-cc50-ed11-aac0-0afb9334277d,5e0ae9ff-7cb8-499d-bee1-b1226869c14e,2022-10-20T19:07:21-04:00,,43.790571706170304,-79.19262078093206,5.145189327388672,2022-10-20T23:11:46Z
953d2c10-ce50-ed11-aac0-0afb9334277d,fa996c7b-fd1c-4cba-990a-336f4cefaeb4,2022-10-20T17:07:53-04:00,2022-10-20T19:21:29-04:00,43.765236285923912,-79.413769478437246,58.749662609718385,2022-10-20T23:22:39Z
3a5ae69b-d050-ed11-aac0-0afb9334277d,5e0ae9ff-7cb8-499d-bee1-b1226869c14e,2022-10-20T19:07:21-04:00,2022-10-20T19:39:17-04:00,43.790642623653071,-79.192988291926639,48.479603886948233,2022-10-20T23:40:47Z
5daf4a37-d150-ed11-aac0-0afb9334277d,fa996c7b-fd1c-4cba-990a-336f4cefaeb4,2022-10-20T19:40:41-04:00,,43.743844536061189,-79.300920532825444,35,2022-10-20T23:45:10Z
26cc0274-d250-ed11-aac0-0afb9334277d,fa996c7b-fd1c-4cba-990a-336f4cefaeb4,2022-10-20T19:40:41-04:00,2022-10-20T19:52:16-04:00,43.743789704662028,-79.300826277724099,55.009066723340723,2022-10-20T23:53:57Z
16372b6a-d450-ed11-aac0-0afb9334277d,fa996c7b-fd1c-4cba-990a-336f4cefaeb4,2022-10-20T20:07:04-04:00,,43.791842880082797,-79.246841416320819,128.33333333333334,2022-10-21T00:08:07Z
061cd7b2-d550-ed11-aac0-0afb9334277d,4217d9ff-07c0-42a5-9da9-f2e351b40709,2022-10-20T20:16:30-04:00,,44.148723832984111,-78.723420767789904,35,2022-10-21T00:17:14Z
f2c82802-e650-ed11-aac0-0afb9334277d,a33e1d38-6ee8-4da6-993b-a94a8ae7fc30,2022-10-20T21:51:00-04:00,2022-10-20T22:13:27-04:00,43.777838713037305,-79.262091752691973,64.138468639099244,2022-10-21T02:14:01Z
05d735a5-e750-ed11-aac0-0afb9334277d,5e0ae9ff-7cb8-499d-bee1-b1226869c14e,2022-10-20T20:08:27-04:00,2022-10-20T22:22:38-04:00,43.66706907132285,-79.396139363878333,76.168533733584326,2022-10-21T02:25:42Z
c873c322-e850-ed11-aac0-0afb9334277d,3bda5c1a-959c-4f73-b27a-96c8a8801a3c,2022-10-20T22:23:45-04:00,,43.763275200000002,-79.491277299999993,5012.9797046632766,2022-10-21T02:29:12Z
0c835393-eb50-ed11-aac0-0afb9334277d,3bda5c1a-959c-4f73-b27a-96c8a8801a3c,2022-10-20T22:47:28-04:00,,43.758768097524928,-79.509059555652541,4265.2604753276482,2022-10-21T02:53:45Z
cd0881af-6850-ed11-aac0-0afb9334277d,5e509967-0d3b-4fe1-a275-231ba42473d5,2022-10-20T07:16:25-04:00,,43.782839576193297,-79.52358758149343,38,2022-10-20T11:16:50Z
72e60dcc-6b50-ed11-aac0-0afb9334277d,5e509967-0d3b-4fe1-a275-231ba42473d5,2022-10-20T07:16:25-04:00,2022-10-20T07:25:04-04:00,43.783049931862401,-79.523689750439544,36.956347892094286,2022-10-20T11:39:08Z
36b70f6e-6e50-ed11-aac0-0afb9334277d,c2097f36-4ca3-4537-856d-a649d1557553,2022-10-20T07:53:25-04:00,,43.786804524126552,-79.189487855181397,35,2022-10-20T11:58:04Z
ea39050a-7750-ed11-aac0-0afb9334277d,9de55851-54a0-4295-b45f-1dc7d69c22a1,2022-10-20T08:54:52-04:00,,43.64499381257373,-79.379472953355545,52.331137599999998,2022-10-20T12:59:37Z
d684e8bf-8450-ed11-aac0-0afb9334277d,c8b323ca-be8b-4374-ab2c-b4788e4a0e3d,2022-10-20T10:21:20-04:00,,43.785271252737573,-79.18726241952605,36,2022-10-20T14:37:44Z
da84e8bf-8450-ed11-aac0-0afb9334277d,c8b323ca-be8b-4374-ab2c-b4788e4a0e3d,2022-10-19T15:22:10-04:00,2022-10-20T09:59:07-04:00,43.737550415068732,-79.238405609973412,65.929306992246225,2022-10-20T14:37:45Z
cffccd73-8650-ed11-aac0-0afb9334277d,64755242-4b1b-4ed6-86d3-4f48d695beab,2022-10-20T06:20:22-04:00,2022-10-20T10:41:32-04:00,43.7836520299781,-79.18815617625512,47.291889164976723,2022-10-20T14:49:57Z
b6034df9-8850-ed11-aac0-0afb9334277d,852b45ca-f506-42b2-b5bd-2b0072b1b28b,2022-10-20T10:48:56-04:00,2022-10-20T11:02:51-04:00,43.8723091746131,-78.884608854752273,114.50952500220023,2022-10-20T15:08:00Z
62a044ff-8850-ed11-aac0-0afb9334277d,852b45ca-f506-42b2-b5bd-2b0072b1b28b,2022-10-20T11:07:43-04:00,,43.870389435675087,-78.886339825627275,30.574084616522363,2022-10-20T15:08:08Z
8969e482-8950-ed11-aac0-0afb9334277d,38bcd1b2-f8bc-48ee-bff2-5bca24012983,2022-10-20T10:55:52-04:00,2022-10-20T11:10:34-04:00,43.865812489957534,-79.427504471662431,27.116608061037688,2022-10-20T15:11:53Z
331fa019-8b50-ed11-aac0-0afb9334277d,151eec8c-0ba1-48ba-afc8-f2874dad3a2b,2022-10-20T09:21:21-04:00,2022-10-20T11:18:39-04:00,43.784717217716448,-79.186559696226951,84.875064413736112,2022-10-20T15:23:09Z
1e1e8fec-8c50-ed11-aac0-0afb9334277d,c2097f36-4ca3-4537-856d-a649d1557553,2022-10-20T11:31:37-04:00,,43.784817362245583,-79.186385515673578,56,2022-10-20T15:36:14Z
28c179a4-8f50-ed11-aac0-0afb9334277d,2262249f-9158-4ba1-9555-fa961d86e92e,2022-10-20T11:50:35-04:00,,43.786876768994247,-79.210809546500954,3662.6970391559107,2022-10-20T15:55:42Z
89d732f9-9250-ed11-aac0-0afb9334277d,147400db-43d9-4155-8bf2-b85b8adf4315,2022-10-20T12:03:21-04:00,,43.857440250231335,-79.303376277310207,114.32229748078866,2022-10-20T16:19:39Z
d9d68c9a-9350-ed11-aac0-0afb9334277d,38bcd1b2-f8bc-48ee-bff2-5bca24012983,2022-10-20T12:23:26-04:00,,43.7846918256528,-79.185275198602682,22.677302886351253,2022-10-20T16:24:04Z
90239b71-9450-ed11-aac0-0afb9334277d,2262249f-9158-4ba1-9555-fa961d86e92e,2022-10-20T11:50:35-04:00,2022-10-20T12:28:35-04:00,43.788613902830249,-79.21049784853065,3662.6970391559107,2022-10-20T16:30:10Z
8f91210b-9850-ed11-aac0-0afb9334277d,d77924dd-6dcf-4288-bb01-186fa08cfd0b,2022-10-20T12:51:10-04:00,,43.878232365204525,-78.946211944633475,20,2022-10-20T16:55:50Z
24f69368-9b50-ed11-aac0-0afb9334277d,9330d6d9-c667-43be-b437-a3c988dd10d7,2022-10-20T12:13:42-04:00,2022-10-20T13:17:07-04:00,43.658848900000002,-79.3497536,3688.9999687059781,2022-10-20T17:19:55Z
f6aa4e21-a950-ed11-aac0-0afb9334277d,9330d6d9-c667-43be-b437-a3c988dd10d7,2022-10-20T14:57:14-04:00,,43.727775600000001,-79.287539300000006,4377.5085331328346,2022-10-20T18:58:09Z
b788d8e0-a950-ed11-aac0-0afb9334277d,151eec8c-0ba1-48ba-afc8-f2874dad3a2b,2022-10-20T14:59:02-04:00,,43.786748926901474,-79.188057780402659,96,2022-10-20T19:03:36Z
ffcbfe9c-b150-ed11-aac0-0afb9334277d,151eec8c-0ba1-48ba-afc8-f2874dad3a2b,2022-10-20T14:59:02-04:00,2022-10-20T15:54:34-04:00,43.786809622880781,-79.187910619192891,56.450555830350766,2022-10-20T19:58:56Z
76ff5b49-b950-ed11-aac0-0afb9334277d,9330d6d9-c667-43be-b437-a3c988dd10d7,2022-10-20T14:57:14-04:00,2022-10-20T16:46:11-04:00,43.727775600000001,-79.287539300000006,4377.5085331328346,2022-10-20T20:53:47Z
9ea94667-b950-ed11-aac0-0afb9334277d,151eec8c-0ba1-48ba-afc8-f2874dad3a2b,2022-10-20T16:43:38-04:00,2022-10-20T16:53:44-04:00,43.786967493265976,-79.188395568336318,113.18760946791573,2022-10-20T20:54:43Z
4a8d4179-b950-ed11-aac0-0afb9334277d,9330d6d9-c667-43be-b437-a3c988dd10d7,2022-10-20T16:49:40-04:00,,43.727775600000001,-79.287539300000006,4377.5085331328346,2022-10-20T20:55:08Z
31814e89-bc50-ed11-aac0-0afb9334277d,151eec8c-0ba1-48ba-afc8-f2874dad3a2b,2022-10-20T17:10:38-04:00,,43.792324059999999,-79.352577199999999,87,2022-10-20T21:17:06Z
f621fa30-bd50-ed11-aac0-0afb9334277d,5e509967-0d3b-4fe1-a275-231ba42473d5,2022-10-20T17:08:49-04:00,2022-10-20T17:16:02-04:00,43.839763641949958,-79.425088500605398,206.66666666666666,2022-10-20T21:21:51Z
0bf33607-c150-ed11-aac0-0afb9334277d,5e509967-0d3b-4fe1-a275-231ba42473d5,2022-10-20T17:48:47-04:00,,43.775394740974264,-79.575107663866333,35,2022-10-20T21:49:13Z
47eed7b4-c150-ed11-aac0-0afb9334277d,c8b323ca-be8b-4374-ab2c-b4788e4a0e3d,2022-10-20T14:20:42-04:00,2022-10-20T17:49:48-04:00,43.783608772032693,-79.188336608912664,70.992892962297958,2022-10-20T21:54:06Z
65d95381-c350-ed11-aac0-0afb9334277d,9330d6d9-c667-43be-b437-a3c988dd10d7,2022-10-20T16:49:40-04:00,2022-10-20T18:04:17-04:00,43.727775600000001,-79.287539300000006,4377.5085331328346,2022-10-20T22:06:59Z
257c5ab7-c350-ed11-aac0-0afb9334277d,9330d6d9-c667-43be-b437-a3c988dd10d7,2022-10-20T18:07:01-04:00,,43.727775600000001,-79.287539300000006,4377.5085331328346,2022-10-20T22:08:29Z
24216a19-cd50-ed11-aac0-0afb9334277d,64755242-4b1b-4ed6-86d3-4f48d695beab,2022-10-20T19:01:38-04:00,,43.782813176908356,-79.185598297020931,24,2022-10-20T23:15:38Z
31216a19-cd50-ed11-aac0-0afb9334277d,64755242-4b1b-4ed6-86d3-4f48d695beab,2022-10-20T12:58:34-04:00,2022-10-20T19:01:10-04:00,43.783656889179504,-79.188207077512587,73.526616989509321,2022-10-20T23:15:38Z
b7bb443c-d650-ed11-aac0-0afb9334277d,d77924dd-6dcf-4288-bb01-186fa08cfd0b,2022-10-20T20:16:19-04:00,,43.885511113684203,-78.915987697652625,33,2022-10-21T00:21:04Z
d5145651-d750-ed11-aac0-0afb9334277d,d77924dd-6dcf-4288-bb01-186fa08cfd0b,2022-10-20T20:16:19-04:00,2022-10-20T20:22:16-04:00,43.884830062140544,-78.914760827269134,115,2022-10-21T00:28:45Z
4b98b6e9-dc50-ed11-aac0-0afb9334277d,d77924dd-6dcf-4288-bb01-186fa08cfd0b,2022-10-20T20:27:21-04:00,2022-10-20T21:04:02-04:00,43.884080048981566,-78.912031518510844,73.498622309926773,2022-10-21T01:08:53Z
634e19bf-e050-ed11-aac0-0afb9334277d,147400db-43d9-4155-8bf2-b85b8adf4315,2022-10-20T20:36:35-04:00,,43.899532661188204,-79.306397436427886,70.488786670849976,2022-10-21T01:36:20Z
71fc0ad7-e050-ed11-aac0-0afb9334277d,38bcd1b2-f8bc-48ee-bff2-5bca24012983,2022-10-20T21:29:29-04:00,2022-10-20T21:33:50-04:00,43.844709602688617,-79.410130013793633,40,2022-10-21T01:37:03Z
eaadbed3-e250-ed11-aac0-0afb9334277d,852b45ca-f506-42b2-b5bd-2b0072b1b28b,2022-10-20T16:29:17-04:00,2022-10-20T21:44:41-04:00,43.918322391132563,-78.949180910798518,36.809302220121765,2022-10-21T01:51:17Z
ee514153-e550-ed11-aac0-0afb9334277d,9330d6d9-c667-43be-b437-a3c988dd10d7,2022-10-20T18:07:01-04:00,2022-10-20T22:00:56-04:00,43.727775600000001,-79.287539300000006,4377.5085331328346,2022-10-21T02:09:03Z
9c52f1ac-e550-ed11-aac0-0afb9334277d,2262249f-9158-4ba1-9555-fa961d86e92e,2022-10-20T22:01:44-04:00,,43.817929399999997,-79.213748100000004,3275.3646869190011,2022-10-21T02:11:35Z
1177384f-ea50-ed11-aac0-0afb9334277d,9de55851-54a0-4295-b45f-1dc7d69c22a1,2022-10-20T22:22:42-04:00,2022-10-20T22:41:32-04:00,44.07093454679606,-79.485491826211728,108.5315774180763,2022-10-21T02:44:42Z
6b4d637b-eb50-ed11-aac0-0afb9334277d,9de55851-54a0-4295-b45f-1dc7d69c22a1,2022-10-20T22:42:10-04:00,2022-10-20T22:49:38-04:00,44.074048253677113,-79.480637907642787,46.45284415582357,2022-10-21T02:53:14Z
26a86642-ed50-ed11-aac0-0afb9334277d,2262249f-9158-4ba1-9555-fa961d86e92e,2022-10-20T22:01:44-04:00,2022-10-20T23:04:18-04:00,43.817929399999997,-79.213748100000004,3275.3646869190011,2022-10-21T03:05:52Z
9e12b807-ee50-ed11-aac0-0afb9334277d,9de55851-54a0-4295-b45f-1dc7d69c22a1,2022-10-20T23:06:12-04:00,,44.107662054662171,-79.480926288950599,64.333333333333329,2022-10-21T03:11:20Z
98cd81a3-ee50-ed11-aac0-0afb9334277d,2262249f-9158-4ba1-9555-fa961d86e92e,2022-10-20T23:14:46-04:00,,43.805940362577694,-79.166163253440175,5229.9838825442557,2022-10-21T03:15:45Z
e0210223-f050-ed11-aac0-0afb9334277d,d77924dd-6dcf-4288-bb01-186fa08cfd0b,2022-10-20T21:04:51-04:00,2022-10-20T23:17:55-04:00,43.884515564181413,-78.909762623627756,108.40662703418397,2022-10-21T03:26:28Z
59f8fb23-f750-ed11-aac0-0afb9334277d,d77924dd-6dcf-4288-bb01-186fa08cfd0b,2022-10-20T23:18:01-04:00,2022-10-21T00:11:50-04:00,43.886570976490816,-78.91357492284574,38.370660009433173,2022-10-21T04:16:40Z
5b55d0f9-6650-ed11-aac0-0afb9334277d,5e509967-0d3b-4fe1-a275-231ba42473d5,2022-10-20T06:07:19-04:00,2022-10-20T06:57:43-04:00,43.775398718751752,-79.575696305351102,20.609254154907962,2022-10-20T11:04:33Z
8165b042-6b50-ed11-aac0-0afb9334277d,9de55851-54a0-4295-b45f-1dc7d69c22a1,2022-10-17T20:14:11-04:00,2022-10-20T07:34:13-04:00,44.107665201082632,-79.480834112914067,8.3276245179430006,2022-10-20T11:35:21Z
37e246f2-6c50-ed11-aac0-0afb9334277d,9de55851-54a0-4295-b45f-1dc7d69c22a1,2022-10-20T07:41:56-04:00,,44.077060637105326,-79.45566413000175,55.982236319001508,2022-10-20T11:47:19Z
c9f72eb9-6d50-ed11-aac0-0afb9334277d,9de55851-54a0-4295-b45f-1dc7d69c22a1,2022-10-20T07:41:56-04:00,2022-10-20T07:47:57-04:00,44.077112311538627,-79.455207903012123,4.5965962757448633,2022-10-20T11:52:56Z
c2b727c3-7350-ed11-aac0-0afb9334277d,5e509967-0d3b-4fe1-a275-231ba42473d5,2022-10-20T08:35:41-04:00,,43.783617317977431,-79.186349572745172,70.333333333333329,2022-10-20T12:36:13Z
6c2beb21-7750-ed11-aac0-0afb9334277d,151eec8c-0ba1-48ba-afc8-f2874dad3a2b,2022-10-20T08:55:56-04:00,,43.787242889374738,-79.187780398186263,4.7272208656511632,2022-10-20T13:00:22Z
28fde654-7850-ed11-aac0-0afb9334277d,9de55851-54a0-4295-b45f-1dc7d69c22a1,2022-10-20T08:54:52-04:00,2022-10-20T09:01:22-04:00,43.644845180781367,-79.379831968747084,45.752000000000002,2022-10-20T13:08:49Z
864c14a5-7a50-ed11-aac0-0afb9334277d,151eec8c-0ba1-48ba-afc8-f2874dad3a2b,2022-10-20T08:55:56-04:00,2022-10-20T09:20:10-04:00,43.787340440754328,-79.187994595580051,74.353233414303119,2022-10-20T13:25:25Z
0ac452b1-7a50-ed11-aac0-0afb9334277d,151eec8c-0ba1-48ba-afc8-f2874dad3a2b,2022-10-20T09:21:21-04:00,,43.784824967930454,-79.18615736878705,82.194041507669695,2022-10-20T13:25:42Z
537cf9f1-7d50-ed11-aac0-0afb9334277d,9de55851-54a0-4295-b45f-1dc7d69c22a1,2022-10-20T09:47:33-04:00,,43.784954824731884,-79.186934760520629,20,2022-10-20T13:49:03Z
3ac9217d-8450-ed11-aac0-0afb9334277d,852b45ca-f506-42b2-b5bd-2b0072b1b28b,2022-10-19T17:57:44-04:00,2022-10-20T10:34:15-04:00,43.938525615016303,-78.887938666168409,18.816673693665944,2022-10-20T14:35:53Z
ed82c37f-8650-ed11-aac0-0afb9334277d,64755242-4b1b-4ed6-86d3-4f48d695beab,2022-10-20T10:42:50-04:00,,43.786883060798225,-79.189452433635893,40,2022-10-20T14:50:15Z
ab6c310f-8750-ed11-aac0-0afb9334277d,852b45ca-f506-42b2-b5bd-2b0072b1b28b,2022-10-20T10:48:56-04:00,,43.871969672553298,-78.885016639928821,72,2022-10-20T14:54:21Z
75989ed4-8750-ed11-aac0-0afb9334277d,38bcd1b2-f8bc-48ee-bff2-5bca24012983,2022-10-19T19:45:49-04:00,2022-10-20T10:55:23-04:00,43.86466443557314,-79.42950982213523,11.50912118074881,2022-10-20T14:59:45Z
e1588ee0-8750-ed11-aac0-0afb9334277d,38bcd1b2-f8bc-48ee-bff2-5bca24012983,2022-10-20T10:55:52-04:00,,43.865818419384496,-79.427481633128949,4.7845368474108207,2022-10-20T15:00:11Z
423eaba5-8850-ed11-aac0-0afb9334277d,ed16354a-961a-4e5e-83de-ce9a17b25a2f,2022-10-20T10:59:42-04:00,,43.784017922544059,-79.186117526750721,35,2022-10-20T15:05:39Z
d6371359-8950-ed11-aac0-0afb9334277d,852b45ca-f506-42b2-b5bd-2b0072b1b28b,2022-10-20T11:07:43-04:00,2022-10-20T11:10:18-04:00,43.869236287930597,-78.88937832357108,8.7658832655225183,2022-10-20T15:10:44Z
289b991f-8b50-ed11-aac0-0afb9334277d,151eec8c-0ba1-48ba-afc8-f2874dad3a2b,2022-10-20T11:18:44-04:00,,43.785614453287295,-79.189103985663593,35,2022-10-20T15:23:19Z
07a35f73-8b50-ed11-aac0-0afb9334277d,38bcd1b2-f8bc-48ee-bff2-5bca24012983,2022-10-20T11:21:17-04:00,,43.840030722924041,-79.425233850236438,4.7355079306676648,2022-10-20T15:25:40Z
3f0c597f-8b50-ed11-aac0-0afb9334277d,ea3e9fa2-5a64-431c-be25-3ff532f0445f,2022-10-19T17:09:22-04:00,2022-10-20T11:21:35-04:00,43.759579418623133,-79.214789265575931,7.9714417873183994,2022-10-20T15:26:00Z
3d2c11bb-8b50-ed11-aac0-0afb9334277d,151eec8c-0ba1-48ba-afc8-f2874dad3a2b,2022-10-20T11:18:44-04:00,2022-10-20T11:23:20-04:00,43.786560581166043,-79.188607649157163,52,2022-10-20T15:27:46Z
8c3901cd-8b50-ed11-aac0-0afb9334277d,151eec8c-0ba1-48ba-afc8-f2874dad3a2b,2022-10-20T11:23:45-04:00,,43.787057999999995,-79.187643399999985,10,2022-10-20T15:28:12Z
8329c01a-8c50-ed11-aac0-0afb9334277d,852b45ca-f506-42b2-b5bd-2b0072b1b28b,2022-10-20T11:26:02-04:00,,43.830840048166756,-79.084478952831503,13.480384245845382,2022-10-20T15:30:21Z
6b299938-8c50-ed11-aac0-0afb9334277d,ea3e9fa2-5a64-431c-be25-3ff532f0445f,2022-10-20T11:30:12-04:00,,43.785711108013523,-79.187005645810217,82,2022-10-20T15:31:11Z
b49a6f12-8d50-ed11-aac0-0afb9334277d,852b45ca-f506-42b2-b5bd-2b0072b1b28b,2022-10-20T11:26:02-04:00,2022-10-20T11:30:47-04:00,43.83100820652917,-79.084552593305247,153.07015422650252,2022-10-20T15:37:16Z
ae5125de-8d50-ed11-aac0-0afb9334277d,2262249f-9158-4ba1-9555-fa961d86e92e,2022-10-19T19:18:25-04:00,2022-10-20T11:39:54-04:00,43.805733347772204,-79.163656456749351,5229.9838825442557,2022-10-20T15:43:06Z
b8b065c7-8e50-ed11-aac0-0afb9334277d,151eec8c-0ba1-48ba-afc8-f2874dad3a2b,2022-10-20T11:45:10-04:00,,43.783833893992067,-79.186979690404371,100.33333333333333,2022-10-20T15:49:35Z
41906abc-8f50-ed11-aac0-0afb9334277d,852b45ca-f506-42b2-b5bd-2b0072b1b28b,2022-10-20T11:51:11-04:00,,43.783624538393738,-79.186983984225122,57.034924516543434,2022-10-20T15:56:28Z
f7a62af2-8f50-ed11-aac0-0afb9334277d,38bcd1b2-f8bc-48ee-bff2-5bca24012983,2022-10-20T11:21:17-04:00,2022-10-20T11:43:58-04:00,43.839959419562383,-79.425254481355282,51.724001763085468,2022-10-20T15:57:58Z
52b0a26b-9450-ed11-aac0-0afb9334277d,9330d6d9-c667-43be-b437-a3c988dd10d7,2022-10-19T21:19:09-04:00,2022-10-20T11:51:56-04:00,43.723177873222497,-79.302205851295085,2849.0571211071006,2022-10-20T16:30:00Z
53b0a26b-9450-ed11-aac0-0afb9334277d,9330d6d9-c667-43be-b437-a3c988dd10d7,2022-10-20T12:13:42-04:00,,43.658848900000002,-79.3497536,3688.9999687059781,2022-10-20T16:30:00Z
206ce006-9550-ed11-aac0-0afb9334277d,2262249f-9158-4ba1-9555-fa961d86e92e,2022-10-20T12:32:55-04:00,,43.806804416628054,-79.165140580163325,5229.9838825442557,2022-10-20T16:34:13Z
0535b53c-9550-ed11-aac0-0afb9334277d,64755242-4b1b-4ed6-86d3-4f48d695beab,2022-10-20T12:09:49-04:00,2022-10-20T12:30:49-04:00,43.789551278019083,-79.194769062949291,84.227596526090366,2022-10-20T16:35:47Z
9cf02cea-9550-ed11-aac0-0afb9334277d,d77924dd-6dcf-4288-bb01-186fa08cfd0b,2022-10-20T00:21:46-04:00,2022-10-20T12:35:21-04:00,43.886986076025835,-78.982338308673192,11.667138198615648,2022-10-20T16:40:37Z
b47a2df0-9550-ed11-aac0-0afb9334277d,64755242-4b1b-4ed6-86d3-4f48d695beab,2022-10-20T12:32:06-04:00,,43.786986859239619,-79.189605928978466,30.065365936586335,2022-10-20T16:40:46Z
b3235627-9750-ed11-aac0-0afb9334277d,d77924dd-6dcf-4288-bb01-186fa08cfd0b,2022-10-20T12:43:14-04:00,,43.87496324547007,-78.963879346701916,89.569581406400005,2022-10-20T16:49:27Z
97bb6769-9750-ed11-aac0-0afb9334277d,d77924dd-6dcf-4288-bb01-186fa08cfd0b,2022-10-20T12:43:14-04:00,2022-10-20T12:50:04-04:00,43.875254760596775,-78.961852248921502,43,2022-10-20T16:51:21Z
36c9e3d7-9950-ed11-aac0-0afb9334277d,64755242-4b1b-4ed6-86d3-4f48d695beab,2022-10-20T12:32:06-04:00,2022-10-20T12:58:13-04:00,43.787034088011261,-79.189707322175863,98.094372234652511,2022-10-20T17:08:49Z
4c7fdbdd-9950-ed11-aac0-0afb9334277d,64755242-4b1b-4ed6-86d3-4f48d695beab,2022-10-20T12:58:34-04:00,,43.78360862014339,-79.188634560857196,31,2022-10-20T17:08:58Z
5257ba36-9e50-ed11-aac0-0afb9334277d,9330d6d9-c667-43be-b437-a3c988dd10d7,2022-10-20T13:22:09-04:00,,43.658848900000002,-79.3497536,3688.9999687059781,2022-10-20T17:40:01Z
69debbd6-a250-ed11-aac0-0afb9334277d,38bcd1b2-f8bc-48ee-bff2-5bca24012983,2022-10-20T12:23:26-04:00,2022-10-20T14:10:53-04:00,43.783957422744152,-79.185851704544575,58.707081685030737,2022-10-20T18:13:05Z
5d8f9aa6-a450-ed11-aac0-0afb9334277d,c8b323ca-be8b-4374-ab2c-b4788e4a0e3d,2022-10-20T10:21:20-04:00,2022-10-20T14:20:41-04:00,43.783865312411457,-79.186666058891319,64.264242900464311,2022-10-20T18:26:05Z
ba94e27e-a650-ed11-aac0-0afb9334277d,9330d6d9-c667-43be-b437-a3c988dd10d7,2022-10-20T13:22:09-04:00,2022-10-20T14:37:33-04:00,43.658848900000002,-79.3497536,3688.9999687059781,2022-10-20T18:39:21Z
9e3d2fe0-a750-ed11-aac0-0afb9334277d,852b45ca-f506-42b2-b5bd-2b0072b1b28b,2022-10-20T11:51:11-04:00,2022-10-20T14:48:09-04:00,43.78425932651956,-79.186502556490197,84.008577688116674,2022-10-20T18:49:17Z
dedc3281-a950-ed11-aac0-0afb9334277d,38bcd1b2-f8bc-48ee-bff2-5bca24012983,2022-10-20T15:00:12-04:00,,43.839639494093262,-79.425585843887916,74.445100335738232,2022-10-20T19:00:57Z
9216cdca-ab50-ed11-aac0-0afb9334277d,38bcd1b2-f8bc-48ee-bff2-5bca24012983,2022-10-20T15:00:12-04:00,2022-10-20T15:12:52-04:00,43.840003205631774,-79.425206558679164,107.24523556002218,2022-10-20T19:17:19Z
7198f678-ac50-ed11-aac0-0afb9334277d,38bcd1b2-f8bc-48ee-bff2-5bca24012983,2022-10-20T15:12:53-04:00,,43.840443014754612,-79.422471988376032,27.947828799119858,2022-10-20T19:22:07Z
ca4fa6b6-ad50-ed11-aac0-0afb9334277d,852b45ca-f506-42b2-b5bd-2b0072b1b28b,2022-10-20T15:29:06-04:00,,43.938535576219309,-78.887943359368563,4.9273202321546972,2022-10-20T19:31:00Z
ccc100a3-b150-ed11-aac0-0afb9334277d,151eec8c-0ba1-48ba-afc8-f2874dad3a2b,2022-10-20T15:54:37-04:00,,43.783788589561482,-79.186957062314661,100.33333333333333,2022-10-20T19:59:05Z
dda7224e-b450-ed11-aac0-0afb9334277d,852b45ca-f506-42b2-b5bd-2b0072b1b28b,2022-10-20T15:29:06-04:00,2022-10-20T16:16:56-04:00,43.938635041634264,-78.887934234624524,63.77560512838167,2022-10-20T20:18:15Z
9caabca7-b450-ed11-aac0-0afb9334277d,5e509967-0d3b-4fe1-a275-231ba42473d5,2022-10-20T08:35:41-04:00,2022-10-20T16:17:58-04:00,43.783476431366154,-79.187008065377597,84.808716529368738,2022-10-20T20:20:42Z
13ba957d-b850-ed11-aac0-0afb9334277d,151eec8c-0ba1-48ba-afc8-f2874dad3a2b,2022-10-20T16:43:38-04:00,,43.786750788170622,-79.187433704644945,114.09370386895718,2022-10-20T20:48:11Z
20e8e3ff-bb50-ed11-aac0-0afb9334277d,5e509967-0d3b-4fe1-a275-231ba42473d5,2022-10-20T17:08:49-04:00,,43.839895567563417,-79.425416986152698,168.66666666666666,2022-10-20T21:13:16Z
5efb3229-be50-ed11-aac0-0afb9334277d,5e509967-0d3b-4fe1-a275-231ba42473d5,2022-10-20T17:27:25-04:00,,43.782850933422743,-79.523583596092848,109,2022-10-20T21:28:43Z
7c9fce94-be50-ed11-aac0-0afb9334277d,5e509967-0d3b-4fe1-a275-231ba42473d5,2022-10-20T17:27:25-04:00,2022-10-20T17:31:06-04:00,43.781085330590848,-79.521324537501883,5.5585595251451725,2022-10-20T21:31:49Z
dd800bc2-c250-ed11-aac0-0afb9334277d,ea3e9fa2-5a64-431c-be25-3ff532f0445f,2022-10-20T11:30:12-04:00,2022-10-20T17:55:51-04:00,43.783963635743667,-79.18729451025176,104.013669755393,2022-10-20T22:01:34Z
fd9f6e69-c350-ed11-aac0-0afb9334277d,ea3e9fa2-5a64-431c-be25-3ff532f0445f,2022-10-20T18:05:40-04:00,,43.759381472369938,-79.215122510177579,73.145088932899768,2022-10-20T22:06:20Z
236ea4e7-c750-ed11-aac0-0afb9334277d,151eec8c-0ba1-48ba-afc8-f2874dad3a2b,2022-10-20T17:10:38-04:00,2022-10-20T18:37:50-04:00,43.792464117844524,-79.352096778142808,63.67740781105023,2022-10-20T22:38:25Z
e4fbc328-cb50-ed11-aac0-0afb9334277d,151eec8c-0ba1-48ba-afc8-f2874dad3a2b,2022-10-20T18:57:02-04:00,,43.784366599999998,-79.184425349999998,95.333333333333329,2022-10-20T23:01:46Z
f7265d94-cb50-ed11-aac0-0afb9334277d,ed16354a-961a-4e5e-83de-ce9a17b25a2f,2022-10-20T10:59:42-04:00,2022-10-20T19:01:12-04:00,43.78388800697094,-79.186518387630855,81.626030954343278,2022-10-20T23:04:45Z
2302c0d1-cc50-ed11-aac0-0afb9334277d,ed16354a-961a-4e5e-83de-ce9a17b25a2f,2022-10-20T19:12:02-04:00,,43.773811216643857,-79.249496486636048,28,2022-10-20T23:13:42Z
736c4df2-cd50-ed11-aac0-0afb9334277d,151eec8c-0ba1-48ba-afc8-f2874dad3a2b,2022-10-20T19:14:22-04:00,,43.783817715414685,-79.188981234808807,63,2022-10-20T23:21:47Z
27d85341-d550-ed11-aac0-0afb9334277d,d77924dd-6dcf-4288-bb01-186fa08cfd0b,2022-10-20T12:51:10-04:00,2022-10-20T20:12:34-04:00,43.878246875679395,-78.946089540944456,27.695438052740922,2022-10-21T00:14:03Z
ec871e81-d750-ed11-aac0-0afb9334277d,9de55851-54a0-4295-b45f-1dc7d69c22a1,2022-10-20T09:47:33-04:00,2022-10-20T20:26:45-04:00,43.784009305210901,-79.1867600132272,61.443364955298669,2022-10-21T00:30:09Z
8076b2e6-d750-ed11-aac0-0afb9334277d,d77924dd-6dcf-4288-bb01-186fa08cfd0b,2022-10-20T20:27:21-04:00,,43.883906498398723,-78.911953309435631,50,2022-10-21T00:32:57Z
dcd21903-de50-ed11-aac0-0afb9334277d,d77924dd-6dcf-4288-bb01-186fa08cfd0b,2022-10-20T21:04:51-04:00,,43.884734497389211,-78.909242463122908,47.66253366269121,2022-10-21T01:16:48Z
cb433f5e-df50-ed11-aac0-0afb9334277d,64755242-4b1b-4ed6-86d3-4f48d695beab,2022-10-20T21:24:33-04:00,,43.757584620549636,-79.188735173301055,35,2022-10-21T01:26:25Z
a650356a-df50-ed11-aac0-0afb9334277d,9de55851-54a0-4295-b45f-1dc7d69c22a1,2022-10-20T21:22:22-04:00,,43.839650799814592,-79.425266448573851,83.773637838030979,2022-10-21T01:26:51Z
d70bd0c9-df50-ed11-aac0-0afb9334277d,38bcd1b2-f8bc-48ee-bff2-5bca24012983,2022-10-20T15:12:53-04:00,2022-10-20T21:27:48-04:00,43.841176534829174,-79.422171413245252,48.516711298784969,2022-10-21T01:29:30Z
2c4a7223-e050-ed11-aac0-0afb9334277d,9de55851-54a0-4295-b45f-1dc7d69c22a1,2022-10-20T21:22:22-04:00,2022-10-20T21:29:48-04:00,43.840043978657192,-79.425451292205267,156.3118051715104,2022-10-21T01:31:56Z
2aab6571-e050-ed11-aac0-0afb9334277d,38bcd1b2-f8bc-48ee-bff2-5bca24012983,2022-10-20T21:29:29-04:00,,43.844709512499129,-79.410126254366787,40,2022-10-21T01:34:08Z
18321174-e250-ed11-aac0-0afb9334277d,38bcd1b2-f8bc-48ee-bff2-5bca24012983,2022-10-20T21:44:07-04:00,,43.864652046066922,-79.429391904604159,42.333333333333336,2022-10-21T01:48:29Z
9c08a557-e350-ed11-aac0-0afb9334277d,2262249f-9158-4ba1-9555-fa961d86e92e,2022-10-20T12:32:55-04:00,2022-10-20T21:52:33-04:00,43.805436325276439,-79.163606570248035,5229.9838825442557,2022-10-21T01:54:58Z
2a880d1d-e450-ed11-aac0-0afb9334277d,151eec8c-0ba1-48ba-afc8-f2874dad3a2b,2022-10-20T19:14:22-04:00,2022-10-20T21:58:16-04:00,43.783862832433726,-79.187205320722498,109.0443126329227,2022-10-21T02:00:21Z
b3ca96f9-e450-ed11-aac0-0afb9334277d,151eec8c-0ba1-48ba-afc8-f2874dad3a2b,2022-10-20T22:04:22-04:00,,43.782264699999999,-79.204795829999995,160,2022-10-21T02:06:33Z
89b2870b-e550-ed11-aac0-0afb9334277d,151eec8c-0ba1-48ba-afc8-f2874dad3a2b,2022-10-20T22:04:22-04:00,2022-10-20T22:06:31-04:00,43.784553200000005,-79.205734200000009,10,2022-10-21T02:07:08Z
fa9d0f1a-e650-ed11-aac0-0afb9334277d,852b45ca-f506-42b2-b5bd-2b0072b1b28b,2022-10-20T22:12:16-04:00,,43.93856428965988,-78.888116807850153,16.592125172825078,2022-10-21T02:14:37Z
b0083409-e750-ed11-aac0-0afb9334277d,9330d6d9-c667-43be-b437-a3c988dd10d7,2022-10-20T22:16:48-04:00,,43.727775600000001,-79.287539300000006,4377.5085331328346,2022-10-21T02:21:16Z
f6bf2515-e750-ed11-aac0-0afb9334277d,151eec8c-0ba1-48ba-afc8-f2874dad3a2b,2022-10-20T22:20:22-04:00,,43.792326393263174,-79.352577337111342,87,2022-10-21T02:21:44Z
b29bf4e0-e750-ed11-aac0-0afb9334277d,9de55851-54a0-4295-b45f-1dc7d69c22a1,2022-10-20T22:22:42-04:00,,44.071456156071747,-79.486360056501439,89.569581406400005,2022-10-21T02:27:24Z
474a0abb-ea50-ed11-aac0-0afb9334277d,9de55851-54a0-4295-b45f-1dc7d69c22a1,2022-10-20T22:42:10-04:00,,44.074277048595178,-79.481124099071963,40,2022-10-21T02:47:49Z
dc4e1fe4-f150-ed11-aac0-0afb9334277d,d77924dd-6dcf-4288-bb01-186fa08cfd0b,2022-10-20T23:18:01-04:00,,43.886579358644092,-78.913650833114517,41.976531092567683,2022-10-21T03:38:58Z
e4fe4a9b-6750-ed11-aac0-0afb9334277d,1e7aef96-16cc-43f8-95d4-e3bc582eb6d3,2022-10-20T07:08:19-04:00,,43.702634370550761,-79.689139705944356,42.811313567232581,2022-10-20T11:09:11Z
27659ddc-7450-ed11-aac0-0afb9334277d,1e7aef96-16cc-43f8-95d4-e3bc582eb6d3,2022-10-20T08:26:28-04:00,2022-10-20T08:43:31-04:00,43.784257479944074,-79.18751301231579,107.76756067768537,2022-10-20T12:44:03Z
550e0c66-7550-ed11-aac0-0afb9334277d,1e7aef96-16cc-43f8-95d4-e3bc582eb6d3,2022-10-20T08:43:32-04:00,,43.787386266667461,-79.189761350724183,35,2022-10-20T12:47:50Z
644da6e4-8150-ed11-aac0-0afb9334277d,c62ae7a2-6fe6-4fd5-9b9e-93773b08d8b9,2022-10-20T10:00:49-04:00,,43.784706116345774,-79.185900076463739,70.087912593817549,2022-10-20T14:17:19Z
2548e461-8650-ed11-aac0-0afb9334277d,c62ae7a2-6fe6-4fd5-9b9e-93773b08d8b9,2022-10-20T10:31:49-04:00,,43.784422426022282,-79.189437095166227,52.027160676087306,2022-10-20T14:49:24Z
62241339-8750-ed11-aac0-0afb9334277d,76acef3c-d659-4fdd-b258-3668a1597584,2022-10-19T22:43:08-04:00,2022-10-20T10:51:11-04:00,43.790053975507675,-79.209350799999996,3662.6970391559107,2022-10-20T14:55:30Z
e99e991f-8b50-ed11-aac0-0afb9334277d,76acef3c-d659-4fdd-b258-3668a1597584,2022-10-20T11:05:18-04:00,,43.807020428187748,-79.166150781814864,5229.9838825442557,2022-10-20T15:23:24Z
0b9f73aa-8f50-ed11-aac0-0afb9334277d,1e7aef96-16cc-43f8-95d4-e3bc582eb6d3,2022-10-20T11:50:44-04:00,,43.7873604915778,-79.190848184886917,43.806971186339112,2022-10-20T15:55:52Z
e284db26-9150-ed11-aac0-0afb9334277d,d99872af-3068-4840-9118-3e5724df83b8,2022-10-20T12:01:49-04:00,,43.786781906832857,-79.189285168220579,102.33333333333333,2022-10-20T16:06:36Z
b957848c-9150-ed11-aac0-0afb9334277d,c62ae7a2-6fe6-4fd5-9b9e-93773b08d8b9,2022-10-20T10:31:49-04:00,2022-10-20T12:02:36-04:00,43.783859482065537,-79.187114419159087,113.21637200910179,2022-10-20T16:09:23Z
b13ce25b-9650-ed11-aac0-0afb9334277d,39d785c6-9e3d-44c2-88ec-2ce14ef923f9,2022-10-20T12:42:20-04:00,,43.784609868790405,-79.186889550435836,28,2022-10-20T16:43:46Z
299ee5dc-9850-ed11-aac0-0afb9334277d,ea3d6bc5-1a3b-4542-a06a-6c6c9328e0fa,2022-10-20T12:56:31-04:00,,43.784312658266508,-79.185459605745336,44,2022-10-20T17:01:47Z
c4a64b67-9a50-ed11-aac0-0afb9334277d,ff129772-aeab-4432-8136-8f94027b8504,2022-10-19T18:04:59-04:00,2022-10-20T13:09:19-04:00,43.700277213442604,-79.285205377197556,21.16978479569083,2022-10-20T17:12:45Z
ca038c2f-ab50-ed11-aac0-0afb9334277d,92863208-10a4-443b-a225-18630552f5cc,2022-10-20T14:25:45-04:00,2022-10-20T15:12:32-04:00,43.850056489707164,-79.351131971003241,102.25678553368607,2022-10-20T19:12:56Z
c9b948ee-af50-ed11-aac0-0afb9334277d,92863208-10a4-443b-a225-18630552f5cc,2022-10-20T15:32:20-04:00,2022-10-20T15:42:46-04:00,43.777925154782729,-79.257361043145266,110.20620726159657,2022-10-20T19:46:57Z
4d6a0841-b350-ed11-aac0-0afb9334277d,1e7aef96-16cc-43f8-95d4-e3bc582eb6d3,2022-10-20T15:06:12-04:00,2022-10-20T16:04:39-04:00,43.786739533870964,-79.189703761899324,35.004499900486408,2022-10-20T20:10:43Z
b2d10047-b350-ed11-aac0-0afb9334277d,1e7aef96-16cc-43f8-95d4-e3bc582eb6d3,2022-10-20T16:04:57-04:00,,43.78362421564281,-79.188410720353389,42,2022-10-20T20:10:53Z
c994ce94-be50-ed11-aac0-0afb9334277d,a57c95d0-1fcc-4a16-aba7-294259f89fd7,2022-10-20T14:46:58-04:00,2022-10-20T17:28:57-04:00,43.784704740652934,-79.187139470647054,46.79151098519565,2022-10-20T21:31:41Z
a65e1b4f-c150-ed11-aac0-0afb9334277d,ea3d6bc5-1a3b-4542-a06a-6c6c9328e0fa,2022-10-20T12:56:41-04:00,2022-10-20T17:46:51-04:00,43.784401242096258,-79.186806482318431,56.64567204144425,2022-10-20T21:51:19Z
16bde1a2-c150-ed11-aac0-0afb9334277d,92863208-10a4-443b-a225-18630552f5cc,2022-10-20T15:42:51-04:00,2022-10-20T17:50:54-04:00,43.77525923966013,-79.257617862254776,60.85835945256445,2022-10-20T21:53:35Z
62614868-c250-ed11-aac0-0afb9334277d,76acef3c-d659-4fdd-b258-3668a1597584,2022-10-20T17:42:44-04:00,,43.642076000000003,-79.377437999999998,4851.1655352524676,2022-10-20T21:59:06Z
0b56d67e-c550-ed11-aac0-0afb9334277d,90592e06-bcf6-4150-85b0-c5daf7e7569c,2022-10-20T15:41:30-04:00,2022-10-20T18:16:51-04:00,43.775442819734231,-79.257833296316036,105.72269368282979,2022-10-20T22:21:17Z
d3ecacba-c550-ed11-aac0-0afb9334277d,90592e06-bcf6-4150-85b0-c5daf7e7569c,2022-10-20T18:17:28-04:00,,43.775367670835038,-79.260837951367805,117.18195223390001,2022-10-20T22:22:59Z
69ba13eb-c950-ed11-aac0-0afb9334277d,92863208-10a4-443b-a225-18630552f5cc,2022-10-20T18:26:54-04:00,2022-10-20T18:47:10-04:00,43.864460945676633,-79.023952935188106,51.417752985483418,2022-10-20T22:52:55Z
a0bd13eb-c950-ed11-aac0-0afb9334277d,92863208-10a4-443b-a225-18630552f5cc,2022-10-20T18:51:22-04:00,,43.863734580920941,-79.020096650118859,38,2022-10-20T22:52:58Z
3eee435a-cc50-ed11-aac0-0afb9334277d,92863208-10a4-443b-a225-18630552f5cc,2022-10-20T18:51:22-04:00,2022-10-20T19:09:41-04:00,43.864100243351707,-79.020103227473413,82.331432048168736,2022-10-20T23:10:15Z
06ab4a37-d150-ed11-aac0-0afb9334277d,92863208-10a4-443b-a225-18630552f5cc,2022-10-20T19:44:08-04:00,,43.897646604640045,-79.232283275486637,35,2022-10-20T23:45:04Z
22744590-da50-ed11-aac0-0afb9334277d,92863208-10a4-443b-a225-18630552f5cc,2022-10-20T19:44:08-04:00,2022-10-20T20:50:22-04:00,43.897561369550381,-79.232465962327183,23.282375689182075,2022-10-21T00:52:02Z
c7152fa8-da50-ed11-aac0-0afb9334277d,76acef3c-d659-4fdd-b258-3668a1597584,2022-10-20T20:36:52-04:00,,43.8240227,-79.318075199999996,5111.8072925234346,2022-10-21T00:52:48Z
22e1c150-de50-ed11-aac0-0afb9334277d,92863208-10a4-443b-a225-18630552f5cc,2022-10-20T21:13:58-04:00,,43.865902527386844,-79.285128161293471,123.63365097409279,2022-10-21T01:18:56Z
6c7cc6d4-de50-ed11-aac0-0afb9334277d,92863208-10a4-443b-a225-18630552f5cc,2022-10-20T21:13:58-04:00,2022-10-20T21:20:06-04:00,43.866675716495315,-79.285371989538248,98,2022-10-21T01:22:34Z
fe66b2e7-df50-ed11-aac0-0afb9334277d,76acef3c-d659-4fdd-b258-3668a1597584,2022-10-20T20:36:52-04:00,2022-10-20T21:20:00-04:00,43.8240227,-79.318075199999996,5111.8072925234346,2022-10-21T01:30:15Z
78987235-e050-ed11-aac0-0afb9334277d,92863208-10a4-443b-a225-18630552f5cc,2022-10-20T21:20:43-04:00,2022-10-20T21:31:01-04:00,43.867199352615366,-79.290059152657292,55.521854931580606,2022-10-21T01:32:28Z
79018c90-e150-ed11-aac0-0afb9334277d,92863208-10a4-443b-a225-18630552f5cc,2022-10-20T21:40:39-04:00,,43.896923626056648,-79.231869048959254,156.55414013805989,2022-10-21T01:42:11Z
9755b97d-e950-ed11-aac0-0afb9334277d,76acef3c-d659-4fdd-b258-3668a1597584,2022-10-20T21:20:25-04:00,2022-10-20T22:34:18-04:00,43.8240227,-79.318075199999996,5111.8072925234346,2022-10-21T02:38:53Z
a10a89ab-f350-ed11-aac0-0afb9334277d,27329533-d0a4-4605-9da5-0eb857154cae,2022-10-20T23:43:59-04:00,,43.783992728807789,-79.187074353911655,34,2022-10-21T03:51:43Z
66c7d669-0a51-ed11-aac1-0afb9334277d,7272fab8-c4e7-45bb-ba42-e9f6a06801c0,2022-10-21T02:28:10-04:00,,43.782698083514013,-79.184106403162374,20,2022-10-21T06:34:30Z
613c149a-6650-ed11-aac0-0afb9334277d,1e7aef96-16cc-43f8-95d4-e3bc582eb6d3,2022-10-19T21:28:24-04:00,2022-10-20T07:00:25-04:00,43.708387257424512,-79.72556107407182,58.560198729606093,2022-10-20T11:02:00Z
f5220299-6950-ed11-aac0-0afb9334277d,1e7aef96-16cc-43f8-95d4-e3bc582eb6d3,2022-10-20T07:08:19-04:00,2022-10-20T07:21:41-04:00,43.702779058782049,-79.689305690660959,91.441187355479087,2022-10-20T11:23:27Z
c305617a-7250-ed11-aac0-0afb9334277d,1e7aef96-16cc-43f8-95d4-e3bc582eb6d3,2022-10-20T08:26:28-04:00,,43.783633655046394,-79.187779032990107,91.333333333333329,2022-10-20T12:26:54Z
58539c85-7c50-ed11-aac0-0afb9334277d,74b5736e-0605-4d41-a046-7fcb7c59e816,2022-10-18T18:57:24-04:00,2022-10-20T09:36:53-04:00,43.76550190895081,-79.315055605255196,9.5627571364122463,2022-10-20T13:38:53Z
94608d91-7c50-ed11-aac0-0afb9334277d,74b5736e-0605-4d41-a046-7fcb7c59e816,2022-10-20T09:38:35-04:00,,43.759316940412219,-79.310211842521753,35,2022-10-20T13:39:10Z
89770046-7e50-ed11-aac0-0afb9334277d,74b5736e-0605-4d41-a046-7fcb7c59e816,2022-10-20T09:38:35-04:00,2022-10-20T09:47:26-04:00,43.758876100878624,-79.310467393302531,28.065801737065783,2022-10-20T13:51:23Z
3871082e-8050-ed11-aac0-0afb9334277d,c62ae7a2-6fe6-4fd5-9b9e-93773b08d8b9,2022-10-19T17:13:10-04:00,2022-10-20T10:00:32-04:00,43.782530183184775,-79.183463171044153,15.077979498818898,2022-10-20T14:05:00Z
2db20907-8550-ed11-aac0-0afb9334277d,c62ae7a2-6fe6-4fd5-9b9e-93773b08d8b9,2022-10-20T10:00:49-04:00,2022-10-20T10:31:30-04:00,43.784702464420235,-79.186073288588076,75.377973775877678,2022-10-20T14:39:49Z
4727fe6a-8950-ed11-aac0-0afb9334277d,1e7aef96-16cc-43f8-95d4-e3bc582eb6d3,2022-10-20T08:43:32-04:00,2022-10-20T11:05:00-04:00,43.786965094231675,-79.189381412296413,57.937257354033243,2022-10-20T15:11:08Z
eb23beb2-8950-ed11-aac0-0afb9334277d,1e7aef96-16cc-43f8-95d4-e3bc582eb6d3,2022-10-20T11:08:39-04:00,,43.783649227514225,-79.187674974978378,61.333333333333336,2022-10-20T15:13:12Z
b0756624-8a50-ed11-aac0-0afb9334277d,d99872af-3068-4840-9118-3e5724df83b8,2022-10-19T17:40:36-04:00,2022-10-20T11:14:48-04:00,43.861621494527057,-79.051965862205961,12.817584739599905,2022-10-20T15:16:23Z
ff64544e-8a50-ed11-aac0-0afb9334277d,d99872af-3068-4840-9118-3e5724df83b8,2022-10-20T11:16:38-04:00,,43.861467061633348,-79.052121377620068,38.835856637065511,2022-10-20T15:17:34Z
2ca064a8-8d50-ed11-aac0-0afb9334277d,92863208-10a4-443b-a225-18630552f5cc,2022-10-19T23:03:43-04:00,2022-10-20T11:39:46-04:00,43.897563405404433,-79.232612643202188,11.106347598673873,2022-10-20T15:41:28Z
3ad7fb37-8e50-ed11-aac0-0afb9334277d,92863208-10a4-443b-a225-18630552f5cc,2022-10-20T11:41:09-04:00,,43.894124270402614,-79.239722830738842,53.666666666666664,2022-10-20T15:45:31Z
152cbb6d-8e50-ed11-aac0-0afb9334277d,92863208-10a4-443b-a225-18630552f5cc,2022-10-20T11:41:09-04:00,2022-10-20T11:46:30-04:00,43.892697842180525,-79.238387346586748,4.7947061653084759,2022-10-20T15:47:00Z
dc2f839e-8f50-ed11-aac0-0afb9334277d,92863208-10a4-443b-a225-18630552f5cc,2022-10-20T11:51:18-04:00,,43.89749253894098,-79.232181529975051,35,2022-10-20T15:55:32Z
2f5932ec-8f50-ed11-aac0-0afb9334277d,92863208-10a4-443b-a225-18630552f5cc,2022-10-20T11:51:18-04:00,2022-10-20T11:56:50-04:00,43.899231246907405,-79.233780638931265,4.8587753309504249,2022-10-20T15:57:41Z
545287a5-9250-ed11-aac0-0afb9334277d,74b5736e-0605-4d41-a046-7fcb7c59e816,2022-10-20T10:10:38-04:00,2022-10-20T12:14:21-04:00,43.783963581239028,-79.186055982965783,63.565507648021502,2022-10-20T16:17:16Z
66560c17-9350-ed11-aac0-0afb9334277d,ea3d6bc5-1a3b-4542-a06a-6c6c9328e0fa,2022-10-18T18:08:46-04:00,2022-10-20T12:16:20-04:00,43.777739950605365,-79.323328241040258,11.421268241414163,2022-10-20T16:20:25Z
776337e2-9350-ed11-aac0-0afb9334277d,76acef3c-d659-4fdd-b258-3668a1597584,2022-10-20T11:05:18-04:00,2022-10-20T12:21:21-04:00,43.806255383731269,-79.166200668316165,5229.9838825442557,2022-10-20T16:26:07Z
b0b2130c-9450-ed11-aac0-0afb9334277d,92863208-10a4-443b-a225-18630552f5cc,2022-10-20T12:22:29-04:00,,43.790520626663017,-79.331491562121016,45.752000000000002,2022-10-20T16:27:14Z
6d1bd83b-9450-ed11-aac0-0afb9334277d,ea3d6bc5-1a3b-4542-a06a-6c6c9328e0fa,2022-10-20T12:23:50-04:00,,43.758039492813239,-79.314064663017533,35,2022-10-20T16:28:39Z
fcaa7e89-9450-ed11-aac0-0afb9334277d,ea3d6bc5-1a3b-4542-a06a-6c6c9328e0fa,2022-10-20T12:23:50-04:00,2022-10-20T12:28:14-04:00,43.758139975523946,-79.312579600879232,40,2022-10-20T16:30:48Z
928608e9-9450-ed11-aac0-0afb9334277d,92863208-10a4-443b-a225-18630552f5cc,2022-10-20T12:22:29-04:00,2022-10-20T12:31:52-04:00,43.790360298737994,-79.331390298495378,97.383501937046134,2022-10-20T16:33:26Z
35589f60-9550-ed11-aac0-0afb9334277d,92863208-10a4-443b-a225-18630552f5cc,2022-10-20T12:32:17-04:00,,43.788146234204902,-79.329933766930225,40,2022-10-20T16:36:52Z
d0b41c02-9650-ed11-aac0-0afb9334277d,74b5736e-0605-4d41-a046-7fcb7c59e816,2022-10-20T12:40:12-04:00,,43.75904576946845,-79.310376847329081,73.333333333333329,2022-10-20T16:41:20Z
71ab6bf7-9650-ed11-aac0-0afb9334277d,74b5736e-0605-4d41-a046-7fcb7c59e816,2022-10-20T12:40:12-04:00,2022-10-20T12:46:40-04:00,43.759083169744123,-79.31021697343752,35,2022-10-20T16:48:06Z
d3faf864-9850-ed11-aac0-0afb9334277d,74b5736e-0605-4d41-a046-7fcb7c59e816,2022-10-20T12:52:51-04:00,,43.725546584645699,-79.300375627392896,179.01866276235924,2022-10-20T16:58:24Z
562d4b89-9850-ed11-aac0-0afb9334277d,d99872af-3068-4840-9118-3e5724df83b8,2022-10-20T12:01:49-04:00,2022-10-20T12:57:07-04:00,43.786604304242985,-79.18925371234765,76.430651226946523,2022-10-20T16:59:24Z
642bedd6-9850-ed11-aac0-0afb9334277d,d99872af-3068-4840-9118-3e5724df83b8,2022-10-20T12:57:08-04:00,,43.783633356258129,-79.186782075219838,35.336552308920851,2022-10-20T17:01:31Z
9677f50e-9b50-ed11-aac0-0afb9334277d,ff129772-aeab-4432-8136-8f94027b8504,2022-10-20T13:12:00-04:00,,43.695865689257154,-79.287056336211563,52.331137599999998,2022-10-20T17:17:28Z
fd4d758c-9b50-ed11-aac0-0afb9334277d,92863208-10a4-443b-a225-18630552f5cc,2022-10-20T12:32:17-04:00,2022-10-20T13:20:34-04:00,43.787970720875364,-79.329671172902991,48.225509596305983,2022-10-20T17:21:01Z
7b091600-9d50-ed11-aac0-0afb9334277d,92863208-10a4-443b-a225-18630552f5cc,2022-10-20T13:26:22-04:00,,43.815630141162693,-79.344546853598359,50,2022-10-20T17:31:21Z
f2f09e66-9e50-ed11-aac0-0afb9334277d,ff129772-aeab-4432-8136-8f94027b8504,2022-10-20T13:12:00-04:00,2022-10-20T13:20:53-04:00,43.69601844520642,-79.287146513522131,127.47211278973781,2022-10-20T17:41:20Z
da5d32f0-9e50-ed11-aac0-0afb9334277d,c62ae7a2-6fe6-4fd5-9b9e-93773b08d8b9,2022-10-20T13:29:39-04:00,,43.666796943156925,-79.397261463019333,106.44093893152477,2022-10-20T17:45:18Z
128cf17f-9f50-ed11-aac0-0afb9334277d,ff129772-aeab-4432-8136-8f94027b8504,2022-10-20T13:44:44-04:00,,43.664603924760058,-79.398779006291974,35,2022-10-20T17:49:13Z
1ce3ffd4-9f50-ed11-aac0-0afb9334277d,76acef3c-d659-4fdd-b258-3668a1597584,2022-10-20T13:35:23-04:00,,43.65523350476569,-79.38440194346768,3957.4932826342347,2022-10-20T17:51:38Z
4f9ef88d-a150-ed11-aac0-0afb9334277d,76acef3c-d659-4fdd-b258-3668a1597584,2022-10-20T13:35:23-04:00,2022-10-20T13:59:30-04:00,43.653838399999998,-79.386068930817444,3957.4932826342347,2022-10-20T18:03:54Z
65752871-a250-ed11-aac0-0afb9334277d,d99872af-3068-4840-9118-3e5724df83b8,2022-10-20T14:05:58-04:00,,43.787287745684417,-79.190197677877322,172.05588303653147,2022-10-20T18:10:20Z
afc70889-a250-ed11-aac0-0afb9334277d,a57c95d0-1fcc-4a16-aba7-294259f89fd7,2022-10-19T17:28:44-04:00,2022-10-20T14:09:36-04:00,43.888008110397308,-79.297159352057847,15.814571266500451,2022-10-20T18:10:59Z
0159deac-a250-ed11-aac0-0afb9334277d,74b5736e-0605-4d41-a046-7fcb7c59e816,2022-10-20T12:52:51-04:00,2022-10-20T14:07:09-04:00,43.726343467370242,-79.299964172511778,54.951629000518757,2022-10-20T18:11:54Z
83b08712-a350-ed11-aac0-0afb9334277d,74b5736e-0605-4d41-a046-7fcb7c59e816,2022-10-20T14:14:03-04:00,,43.759545523153022,-79.310484100653341,35,2022-10-20T18:14:48Z
ec063178-a350-ed11-aac0-0afb9334277d,74b5736e-0605-4d41-a046-7fcb7c59e816,2022-10-20T14:14:03-04:00,2022-10-20T14:14:13-04:00,43.760468092616499,-79.310956144512403,40,2022-10-20T18:17:38Z
63a81590-a350-ed11-aac0-0afb9334277d,39d785c6-9e3d-44c2-88ec-2ce14ef923f9,2022-10-20T14:14:23-04:00,,43.792309161191227,-79.244154765000218,20,2022-10-20T18:18:20Z
59a90e96-a350-ed11-aac0-0afb9334277d,92863208-10a4-443b-a225-18630552f5cc,2022-10-20T13:26:22-04:00,2022-10-20T14:16:48-04:00,43.815616592313432,-79.344189740984945,39.418429198341677,2022-10-20T18:18:27Z
2545c3ef-a350-ed11-aac0-0afb9334277d,76acef3c-d659-4fdd-b258-3668a1597584,2022-10-20T14:05:16-04:00,,43.651705177144585,-79.384476584692308,3957.4932826342347,2022-10-20T18:21:00Z
7445c3ef-a350-ed11-aac0-0afb9334277d,74b5736e-0605-4d41-a046-7fcb7c59e816,2022-10-20T14:16:17-04:00,,43.765471255986533,-79.315062631165176,37.666666666666664,2022-10-20T18:21:02Z
cdbbaa49-a450-ed11-aac0-0afb9334277d,d99872af-3068-4840-9118-3e5724df83b8,2022-10-20T14:05:58-04:00,2022-10-20T14:21:41-04:00,43.787361213895863,-79.19074116493114,59.089741420065835,2022-10-20T18:23:32Z
5d9dc183-a550-ed11-aac0-0afb9334277d,92863208-10a4-443b-a225-18630552f5cc,2022-10-20T14:25:45-04:00,,43.850430216219777,-79.350219220590716,61,2022-10-20T18:32:19Z
4731829e-a750-ed11-aac0-0afb9334277d,a57c95d0-1fcc-4a16-aba7-294259f89fd7,2022-10-20T14:46:58-04:00,,43.786034023796994,-79.187960847322984,229.13836358106951,2022-10-20T18:47:23Z
7c101d93-a950-ed11-aac0-0afb9334277d,d99872af-3068-4840-9118-3e5724df83b8,2022-10-20T14:56:59-04:00,,43.862840101459,-79.024946813133923,158.17128510871362,2022-10-20T19:01:26Z
bd8a4c82-aa50-ed11-aac0-0afb9334277d,27329533-d0a4-4605-9da5-0eb857154cae,2022-10-20T15:01:06-04:00,,43.783613442721268,-79.188395996683596,42,2022-10-20T19:08:06Z
be60e8db-aa50-ed11-aac0-0afb9334277d,1e7aef96-16cc-43f8-95d4-e3bc582eb6d3,2022-10-20T15:06:12-04:00,,43.78674125493891,-79.189787655986379,46.211638041073897,2022-10-20T19:10:32Z
5fb1b808-ad50-ed11-aac0-0afb9334277d,76acef3c-d659-4fdd-b258-3668a1597584,2022-10-20T14:05:16-04:00,2022-10-20T15:21:46-04:00,43.653928407737119,-79.383643091017433,3957.4932826342347,2022-10-20T19:26:10Z
277468cf-ae50-ed11-aac0-0afb9334277d,92863208-10a4-443b-a225-18630552f5cc,2022-10-20T15:32:20-04:00,,43.778059772633938,-79.257273111006256,123.95325287451962,2022-10-20T19:38:46Z
a68b62d5-ae50-ed11-aac0-0afb9334277d,d99872af-3068-4840-9118-3e5724df83b8,2022-10-20T14:56:59-04:00,2022-10-20T15:37:36-04:00,43.863648997500455,-79.02499836955684,108.78749550327494,2022-10-20T19:39:03Z
3c69f646-af50-ed11-aac0-0afb9334277d,d99872af-3068-4840-9118-3e5724df83b8,2022-10-20T15:37:52-04:00,,43.859608536526487,-79.025654464507582,70.333333333333329,2022-10-20T19:42:16Z
81a0ed77-b050-ed11-aac0-0afb9334277d,92863208-10a4-443b-a225-18630552f5cc,2022-10-20T15:42:51-04:00,,43.775506592176953,-79.25894470153662,168.66666666666666,2022-10-20T19:50:38Z
18942767-b150-ed11-aac0-0afb9334277d,d99872af-3068-4840-9118-3e5724df83b8,2022-10-20T15:37:52-04:00,2022-10-20T15:56:21-04:00,43.859844003787103,-79.025870437690799,81.870135455131305,2022-10-20T19:57:28Z
30af9ef0-b150-ed11-aac0-0afb9334277d,d99872af-3068-4840-9118-3e5724df83b8,2022-10-20T15:59:52-04:00,,43.861560076209663,-79.052469455732151,35,2022-10-20T20:01:14Z
56b9d676-b350-ed11-aac0-0afb9334277d,27329533-d0a4-4605-9da5-0eb857154cae,2022-10-20T15:01:06-04:00,2022-10-20T16:07:33-04:00,43.783598245353033,-79.187821673762613,67.680244127747699,2022-10-20T20:12:05Z
b4bfd676-b350-ed11-aac0-0afb9334277d,27329533-d0a4-4605-9da5-0eb857154cae,2022-10-20T16:07:46-04:00,,43.783206492703208,-79.184529762788841,8.5977106082507362,2022-10-20T20:12:14Z
e507701f-b550-ed11-aac0-0afb9334277d,76acef3c-d659-4fdd-b258-3668a1597584,2022-10-20T16:08:30-04:00,,43.642076000000003,-79.377437999999998,4851.1655352524676,2022-10-20T20:24:04Z
058f455b-b950-ed11-aac0-0afb9334277d,d99872af-3068-4840-9118-3e5724df83b8,2022-10-20T15:59:52-04:00,2022-10-20T16:52:29-04:00,43.86160779973909,-79.051964723090038,19.298177451682719,2022-10-20T20:54:16Z
859a2ef7-b950-ed11-aac0-0afb9334277d,ff129772-aeab-4432-8136-8f94027b8504,2022-10-20T13:44:44-04:00,2022-10-20T16:56:31-04:00,43.664359545805723,-79.399065922370127,48.923556069446356,2022-10-20T20:58:45Z
f4d0d0f8-ba50-ed11-aac0-0afb9334277d,d99872af-3068-4840-9118-3e5724df83b8,2022-10-20T16:57:29-04:00,,43.858993412519055,-79.040237850782646,41,2022-10-20T21:05:58Z
d6bb0ad7-bc50-ed11-aac0-0afb9334277d,ff129772-aeab-4432-8136-8f94027b8504,2022-10-20T16:56:31-04:00,2022-10-20T17:01:24-04:00,43.668018663764137,-79.399993299001849,98.666666666666671,2022-10-20T21:19:17Z
2a074411-be50-ed11-aac0-0afb9334277d,ff129772-aeab-4432-8136-8f94027b8504,2022-10-20T17:23:07-04:00,,43.691333915240449,-79.288670070181567,35,2022-10-20T21:28:03Z
c8e9e1b3-bf50-ed11-aac0-0afb9334277d,ff129772-aeab-4432-8136-8f94027b8504,2022-10-20T17:23:07-04:00,2022-10-20T17:38:25-04:00,43.691711787818583,-79.288687865223821,93.894846413040497,2022-10-20T21:39:42Z
3dece1b3-bf50-ed11-aac0-0afb9334277d,ff129772-aeab-4432-8136-8f94027b8504,2022-10-20T17:39:26-04:00,,43.691682606045106,-79.288811367078949,20.561874104538774,2022-10-20T21:39:50Z
5d7c4f4f-c050-ed11-aac0-0afb9334277d,ff129772-aeab-4432-8136-8f94027b8504,2022-10-20T17:39:26-04:00,2022-10-20T17:41:39-04:00,43.693190292413199,-79.287370618671133,52.331137599999998,2022-10-20T21:44:11Z
420eb87d-c050-ed11-aac0-0afb9334277d,ff129772-aeab-4432-8136-8f94027b8504,2022-10-20T17:43:56-04:00,,43.700071383506483,-79.285542322716623,52.331137599999998,2022-10-20T21:45:27Z
9355b1e4-c150-ed11-aac0-0afb9334277d,92863208-10a4-443b-a225-18630552f5cc,2022-10-20T17:54:41-04:00,,43.777383601720786,-79.257408470283139,4.9088514616229286,2022-10-20T21:55:23Z
f57fa402-c250-ed11-aac0-0afb9334277d,1e7aef96-16cc-43f8-95d4-e3bc582eb6d3,2022-10-20T17:50:53-04:00,,43.784462005650262,-79.185257483460575,37,2022-10-20T21:56:21Z
447d8620-c250-ed11-aac0-0afb9334277d,92863208-10a4-443b-a225-18630552f5cc,2022-10-20T17:54:41-04:00,2022-10-20T17:56:50-04:00,43.776171213589315,-79.260388176378953,4.9219839043223592,2022-10-20T21:57:12Z
7369c309-c350-ed11-aac0-0afb9334277d,a57c95d0-1fcc-4a16-aba7-294259f89fd7,2022-10-20T18:03:07-04:00,,43.887848959379703,-79.296885344912809,35,2022-10-20T22:03:42Z
48b3ac33-c350-ed11-aac0-0afb9334277d,1e7aef96-16cc-43f8-95d4-e3bc582eb6d3,2022-10-20T17:50:53-04:00,2022-10-20T18:02:09-04:00,43.784342111188252,-79.185068856866465,44.408352483156214,2022-10-20T22:04:49Z
3d21630e-c650-ed11-aac0-0afb9334277d,27329533-d0a4-4605-9da5-0eb857154cae,2022-10-20T18:01:12-04:00,2022-10-20T18:20:45-04:00,43.784104774334281,-79.186944044599613,104.25925949824173,2022-10-20T22:25:14Z
999d561a-c650-ed11-aac0-0afb9334277d,27329533-d0a4-4605-9da5-0eb857154cae,2022-10-20T18:20:59-04:00,,43.78347240700181,-79.184172813107423,35,2022-10-20T22:25:31Z
be907ae5-c650-ed11-aac0-0afb9334277d,92863208-10a4-443b-a225-18630552f5cc,2022-10-20T18:26:54-04:00,,43.864520342300231,-79.02390654646878,40,2022-10-20T22:31:14Z
5e553c69-c750-ed11-aac0-0afb9334277d,ea3d6bc5-1a3b-4542-a06a-6c6c9328e0fa,2022-10-20T18:32:45-04:00,,43.777603139999997,-79.324066160000001,92.666666666666671,2022-10-20T22:34:56Z
16f0ab9e-ca50-ed11-aac0-0afb9334277d,76acef3c-d659-4fdd-b258-3668a1597584,2022-10-20T17:42:44-04:00,2022-10-20T18:51:58-04:00,43.642076000000003,-79.377437999999998,4851.1655352524676,2022-10-20T22:57:58Z
1a4f8b64-cb50-ed11-aac0-0afb9334277d,c62ae7a2-6fe6-4fd5-9b9e-93773b08d8b9,2022-10-20T18:46:56-04:00,,43.782769094015393,-79.183617089233408,103.1434582742756,2022-10-20T23:03:24Z
588b0406-cc50-ed11-aac0-0afb9334277d,76acef3c-d659-4fdd-b258-3668a1597584,2022-10-20T18:52:34-04:00,,43.652812302261779,-79.384165579589734,3957.4932826342347,2022-10-20T23:07:53Z
39f3b086-cd50-ed11-aac0-0afb9334277d,d99872af-3068-4840-9118-3e5724df83b8,2022-10-20T19:17:34-04:00,,43.861393983819006,-79.051983413475,35,2022-10-20T23:18:46Z
529fa492-cd50-ed11-aac0-0afb9334277d,76acef3c-d659-4fdd-b258-3668a1597584,2022-10-20T18:52:34-04:00,2022-10-20T19:14:12-04:00,43.656034550273645,-79.385670844286167,3957.4932826342347,2022-10-20T23:19:08Z
7de4f993-d450-ed11-aac0-0afb9334277d,1e7aef96-16cc-43f8-95d4-e3bc582eb6d3,2022-10-20T20:08:46-04:00,,43.708426491173746,-79.725797457861617,35,2022-10-21T00:09:14Z
ff602872-d650-ed11-aac0-0afb9334277d,76acef3c-d659-4fdd-b258-3668a1597584,2022-10-20T20:05:12-04:00,,43.8240227,-79.318075199999996,5111.8072925234346,2022-10-21T00:22:29Z
cb243553-d950-ed11-aac0-0afb9334277d,76acef3c-d659-4fdd-b258-3668a1597584,2022-10-20T20:05:12-04:00,2022-10-20T20:36:35-04:00,43.8240227,-79.318075199999996,5111.8072925234346,2022-10-21T00:43:14Z
15a77ab2-dc50-ed11-aac0-0afb9334277d,92863208-10a4-443b-a225-18630552f5cc,2022-10-20T21:01:27-04:00,,43.866625781638106,-79.283486042587128,169.34465500068708,2022-10-21T01:07:18Z
be233a55-dd50-ed11-aac0-0afb9334277d,92863208-10a4-443b-a225-18630552f5cc,2022-10-20T21:01:27-04:00,2022-10-20T21:11:10-04:00,43.866639457059215,-79.283757103791217,72.792207816152938,2022-10-21T01:11:53Z
0b106f2e-df50-ed11-aac0-0afb9334277d,92863208-10a4-443b-a225-18630552f5cc,2022-10-20T21:20:43-04:00,,43.86727884008814,-79.290178940144131,47.195277519204765,2022-10-21T01:25:01Z
41ff09d1-e050-ed11-aac0-0afb9334277d,76acef3c-d659-4fdd-b258-3668a1597584,2022-10-20T21:20:25-04:00,,43.8240227,-79.318075199999996,5111.8072925234346,2022-10-21T01:36:49Z
02af40c9-e350-ed11-aac0-0afb9334277d,90592e06-bcf6-4150-85b0-c5daf7e7569c,2022-10-20T21:56:46-04:00,,43.796575417736307,-79.322842745307284,35,2022-10-21T01:58:00Z
cc67522a-ed50-ed11-aac0-0afb9334277d,76acef3c-d659-4fdd-b258-3668a1597584,2022-10-20T22:48:06-04:00,,43.788955923232812,-79.209525350863359,3662.6970391559107,2022-10-21T03:05:08Z
a2c5ba79-6850-ed11-aac0-0afb9334277d,bf670311-c590-473a-98ab-d719ebf0f2ab,2022-10-20T07:02:51-04:00,2022-10-20T07:11:03-04:00,43.704653267434374,-79.691250319877781,92.205184348694161,2022-10-20T11:15:26Z
1995973f-7350-ed11-aac0-0afb9334277d,329e2c06-a903-44ce-a409-8ed8c580b124,2022-10-20T08:30:24-04:00,,43.639099839749761,-79.400267938300857,27,2022-10-20T12:32:28Z
b5fb7187-7750-ed11-aac0-0afb9334277d,1b9b62f1-095b-4819-92a0-ea8e7abee884,2022-10-19T15:24:37-04:00,2022-10-20T08:58:45-04:00,43.788053116173273,-79.196144476909211,70.55788282684108,2022-10-20T13:03:10Z
a7c98a98-8f50-ed11-aac0-0afb9334277d,1b9b62f1-095b-4819-92a0-ea8e7abee884,2022-10-20T11:44:57-04:00,,43.788846342036592,-79.193472281265727,91.795619496880803,2022-10-20T15:55:22Z
3d4721ad-9850-ed11-aac0-0afb9334277d,d8d66285-3bef-4819-b993-98c812a7c233,2022-10-20T12:55:51-04:00,,43.783672586417119,-79.186286529640157,71.666666666666671,2022-10-20T17:00:22Z
9ba33cf6-9e50-ed11-aac0-0afb9334277d,43adea65-466c-4891-8bd9-301c4d6560c8,2022-10-20T13:40:05-04:00,,43.786856330150606,-79.18936219940143,33,2022-10-20T17:45:24Z
7c4c9392-a750-ed11-aac0-0afb9334277d,2f32cd19-e9c5-4aad-8999-6f4646169ab6,2022-10-20T14:46:19-04:00,,43.786669311803699,-79.188198979971233,4.8002502283425077,2022-10-20T18:47:00Z
fe09d1ec-a950-ed11-aac0-0afb9334277d,d8d66285-3bef-4819-b993-98c812a7c233,2022-10-20T14:50:15-04:00,2022-10-20T15:01:41-04:00,43.786419262013347,-79.188317913360692,72.505693121597446,2022-10-20T19:03:53Z
fb672e12-b050-ed11-aac0-0afb9334277d,43adea65-466c-4891-8bd9-301c4d6560c8,2022-10-20T15:36:38-04:00,,43.885982296171605,-78.916309850910636,45.394709872516948,2022-10-20T19:47:51Z
98215f2b-b150-ed11-aac0-0afb9334277d,d8d66285-3bef-4819-b993-98c812a7c233,2022-10-20T15:13:24-04:00,2022-10-20T15:54:44-04:00,43.801072487807588,-79.199912300601056,83.943776367667596,2022-10-20T19:55:42Z
4389be6b-b250-ed11-aac0-0afb9334277d,d8d66285-3bef-4819-b993-98c812a7c233,2022-10-20T16:01:10-04:00,,43.799410598670534,-79.222868858760521,35,2022-10-20T20:04:43Z
970c943a-bb50-ed11-aac0-0afb9334277d,2f32cd19-e9c5-4aad-8999-6f4646169ab6,2022-10-20T17:03:25-04:00,,43.784965563229129,-79.186927794178033,36,2022-10-20T21:07:48Z
e7bb0ad7-bc50-ed11-aac0-0afb9334277d,bf670311-c590-473a-98ab-d719ebf0f2ab,2022-10-20T08:21:45-04:00,2022-10-20T17:11:26-04:00,43.784011800050237,-79.186870191544131,105.20932261070624,2022-10-20T21:19:17Z
f2534ce9-c050-ed11-aac0-0afb9334277d,bf670311-c590-473a-98ab-d719ebf0f2ab,2022-10-20T17:42:59-04:00,,43.770480417851658,-79.330340505596013,169,2022-10-20T21:48:30Z
401b112b-c150-ed11-aac0-0afb9334277d,43adea65-466c-4891-8bd9-301c4d6560c8,2022-10-20T17:33:53-04:00,,43.916257057003961,-78.95823610335205,105.92621409486566,2022-10-20T21:50:20Z
bb17add8-c150-ed11-aac0-0afb9334277d,bf670311-c590-473a-98ab-d719ebf0f2ab,2022-10-20T17:42:59-04:00,2022-10-20T17:48:31-04:00,43.77026122565875,-79.331081521912978,168.4381833000044,2022-10-20T21:55:11Z
0c8cdc78-c550-ed11-aac0-0afb9334277d,837ea159-60c6-4bde-b3ba-2c107844a9bb,2022-10-20T18:16:31-04:00,,43.784942739460625,-79.186935382562353,48.666666666666664,2022-10-20T22:21:03Z
6d69c66e-cd50-ed11-aac0-0afb9334277d,837ea159-60c6-4bde-b3ba-2c107844a9bb,2022-10-20T18:16:31-04:00,2022-10-20T19:12:56-04:00,43.784259785806029,-79.187020094963529,83.323456853042302,2022-10-20T23:17:58Z
f0e683fa-cf50-ed11-aac0-0afb9334277d,43adea65-466c-4891-8bd9-301c4d6560c8,2022-10-20T19:20:56-04:00,,43.86630751918144,-79.01647952376527,63.202115671251093,2022-10-20T23:36:18Z
40186f58-dc50-ed11-aac0-0afb9334277d,2f32cd19-e9c5-4aad-8999-6f4646169ab6,2022-10-20T17:03:25-04:00,2022-10-20T21:03:45-04:00,43.786744635377865,-79.189478251983431,104.98754668053816,2022-10-21T01:04:49Z
9d568ca9-e650-ed11-aac0-0afb9334277d,43adea65-466c-4891-8bd9-301c4d6560c8,2022-10-20T19:20:56-04:00,2022-10-20T22:16:33-04:00,43.866394797282254,-79.016424902710611,42.811713943984877,2022-10-21T02:18:41Z
bf83ebcf-6650-ed11-aac0-0afb9334277d,bf670311-c590-473a-98ab-d719ebf0f2ab,2022-10-20T07:02:51-04:00,,43.704676199592271,-79.690961073022081,201,2022-10-20T11:03:25Z
da24b4b3-7550-ed11-aac0-0afb9334277d,43adea65-466c-4891-8bd9-301c4d6560c8,2022-10-20T08:45:15-04:00,,43.783136775822605,-79.185923908782883,134.07550779639004,2022-10-20T12:50:01Z
8f5f3bd5-7750-ed11-aac0-0afb9334277d,1b9b62f1-095b-4819-92a0-ea8e7abee884,2022-10-20T09:04:43-04:00,,43.784888013760217,-79.187579765944776,4.7779344157506793,2022-10-20T13:05:16Z
894fe24f-7c50-ed11-aac0-0afb9334277d,bf670311-c590-473a-98ab-d719ebf0f2ab,2022-10-20T08:21:45-04:00,,43.784448028735994,-79.185557763214575,92.094494476814532,2022-10-20T13:37:19Z
f3129a5a-8d50-ed11-aac0-0afb9334277d,1b9b62f1-095b-4819-92a0-ea8e7abee884,2022-10-20T09:04:43-04:00,2022-10-20T11:36:42-04:00,43.784015626523939,-79.188002560036239,66.491282587381718,2022-10-20T15:39:20Z
2a2cdf72-9050-ed11-aac0-0afb9334277d,1b9b62f1-095b-4819-92a0-ea8e7abee884,2022-10-20T11:55:08-04:00,,43.787956660747717,-79.196533231525606,23,2022-10-20T16:01:33Z
f2e4a076-9350-ed11-aac0-0afb9334277d,d8d66285-3bef-4819-b993-98c812a7c233,2022-10-20T12:18:42-04:00,,43.796984897661808,-79.223061612791952,7.6959571750068481,2022-10-20T16:23:09Z
9f1350ca-9350-ed11-aac0-0afb9334277d,d8d66285-3bef-4819-b993-98c812a7c233,2022-10-20T12:18:42-04:00,2022-10-20T12:24:34-04:00,43.797514245934117,-79.222614645429246,106.93371362793556,2022-10-20T16:25:28Z
9091d80c-9550-ed11-aac0-0afb9334277d,d8d66285-3bef-4819-b993-98c812a7c233,2022-10-20T12:29:30-04:00,,43.801850705428194,-79.199633041816227,118.66666666666667,2022-10-20T16:34:24Z
f842c797-9650-ed11-aac0-0afb9334277d,d8d66285-3bef-4819-b993-98c812a7c233,2022-10-20T12:29:30-04:00,2022-10-20T12:43:04-04:00,43.801772190011,-79.199928312921557,96.326696509762812,2022-10-20T16:45:34Z
f73fc0cf-a150-ed11-aac0-0afb9334277d,43adea65-466c-4891-8bd9-301c4d6560c8,2022-10-20T13:40:05-04:00,2022-10-20T14:01:41-04:00,43.787084474522977,-79.190200224649303,118.98315991504998,2022-10-20T18:05:50Z
7ac5d2d7-a350-ed11-aac0-0afb9334277d,837ea159-60c6-4bde-b3ba-2c107844a9bb,2022-10-19T18:24:47-04:00,2022-10-20T14:18:22-04:00,43.83814689775798,-79.104935182721334,10.264597733636775,2022-10-20T18:20:16Z
07a193ac-a450-ed11-aac0-0afb9334277d,2f32cd19-e9c5-4aad-8999-6f4646169ab6,2022-10-19T21:09:14-04:00,2022-10-20T14:25:18-04:00,43.962554536235665,-79.231394061407869,15.777864416904229,2022-10-20T18:26:17Z
efa0530d-a650-ed11-aac0-0afb9334277d,837ea159-60c6-4bde-b3ba-2c107844a9bb,2022-10-20T14:34:26-04:00,,43.784939352045171,-79.186948357157874,20,2022-10-20T18:36:12Z
cb6bd127-a850-ed11-aac0-0afb9334277d,d8d66285-3bef-4819-b993-98c812a7c233,2022-10-20T12:55:51-04:00,2022-10-20T14:49:50-04:00,43.783728706568603,-79.186646947927414,69.838957688992309,2022-10-20T18:51:13Z
8ebe6ecb-a850-ed11-aac0-0afb9334277d,d8d66285-3bef-4819-b993-98c812a7c233,2022-10-20T14:50:15-04:00,,43.786527351597954,-79.189545802079039,76,2022-10-20T18:55:50Z
af8dd17b-ae50-ed11-aac0-0afb9334277d,d8d66285-3bef-4819-b993-98c812a7c233,2022-10-20T15:13:24-04:00,,43.800589935604194,-79.199802728229727,57.463237163079008,2022-10-20T19:36:33Z
6fb6bf04-bb50-ed11-aac0-0afb9334277d,2f32cd19-e9c5-4aad-8999-6f4646169ab6,2022-10-20T14:46:19-04:00,2022-10-20T17:01:47-04:00,43.78714070683359,-79.190044586615173,92.403609250225387,2022-10-20T21:06:16Z
bdae2d07-bd50-ed11-aac0-0afb9334277d,43adea65-466c-4891-8bd9-301c4d6560c8,2022-10-20T15:36:38-04:00,2022-10-20T17:15:28-04:00,43.88592422554381,-78.916323746507928,26.750432395509343,2022-10-20T21:20:38Z
82acbcaf-c650-ed11-aac0-0afb9334277d,43adea65-466c-4891-8bd9-301c4d6560c8,2022-10-20T17:33:53-04:00,2022-10-20T18:28:17-04:00,43.916499376306021,-78.957671758658648,69.304718194521598,2022-10-20T22:29:41Z
59cb7177-c850-ed11-aac0-0afb9334277d,bf670311-c590-473a-98ab-d719ebf0f2ab,2022-10-20T18:36:29-04:00,,43.704443980706685,-79.690851061006569,201,2022-10-20T22:42:28Z
7ffdf24e-c950-ed11-aac0-0afb9334277d,bf670311-c590-473a-98ab-d719ebf0f2ab,2022-10-20T18:36:29-04:00,2022-10-20T18:44:28-04:00,43.704476140719187,-79.690815098802616,201,2022-10-20T22:48:35Z
5045bba8-c950-ed11-aac0-0afb9334277d,43adea65-466c-4891-8bd9-301c4d6560c8,2022-10-20T18:46:42-04:00,,43.942148925587283,-78.837266162401662,74.539237727315722,2022-10-20T22:51:05Z
c9eece2c-ca50-ed11-aac0-0afb9334277d,bf670311-c590-473a-98ab-d719ebf0f2ab,2022-10-20T18:52:21-04:00,,43.729366170603889,-79.714500813243845,35,2022-10-20T22:54:44Z
b834bd86-ca50-ed11-aac0-0afb9334277d,43adea65-466c-4891-8bd9-301c4d6560c8,2022-10-20T18:46:42-04:00,2022-10-20T18:54:09-04:00,43.941471560586109,-78.83915162451369,55,2022-10-20T22:57:11Z
47e2a695-e450-ed11-aac0-0afb9334277d,2f32cd19-e9c5-4aad-8999-6f4646169ab6,2022-10-20T22:02:41-04:00,,43.962602023854437,-79.231216180688548,10.565755815371329,2022-10-21T02:03:42Z
c7267276-e850-ed11-aac0-0afb9334277d,43adea65-466c-4891-8bd9-301c4d6560c8,2022-10-20T22:25:04-04:00,,43.829864634239932,-78.999603312332283,94.333333333333329,2022-10-21T02:31:34Z
35951367-0151-ed11-aac1-0afb9334277d,01801252-3a7e-4f5f-8b6d-49e8da3902f3,2022-10-11T16:56:09-07:00,,49.253611208539738,-123.23390718593475,20,2022-10-21T05:30:08Z
0b4caafa-d950-ed11-aac0-0afb9334277d,01801252-3a7e-4f5f-8b6d-49e8da3902f3,2022-10-20T17:39:25-07:00,,49.253930898416371,-123.23802341456609,34,2022-10-21T00:47:51Z
2cc23c78-ed50-ed11-aac0-0afb9334277d,01801252-3a7e-4f5f-8b6d-49e8da3902f3,2022-10-20T19:20:27-07:00,2022-10-20T20:03:52-07:00,49.224770397375792,-123.19224585889944,42.653846882670912,2022-10-21T03:07:24Z
5e238679-ee50-ed11-aac0-0afb9334277d,01801252-3a7e-4f5f-8b6d-49e8da3902f3,2022-10-20T20:13:06-07:00,,49.25339000255326,-123.23435922596504,40,2022-10-21T03:14:32Z
352d1e65-d950-ed11-aac0-0afb9334277d,01801252-3a7e-4f5f-8b6d-49e8da3902f3,2022-10-19T18:02:46-07:00,2022-10-20T17:39:12-07:00,49.253566769226431,-123.23389676891426,15.498749535486905,2022-10-21T00:43:43Z
dd5e22fd-dd50-ed11-aac0-0afb9334277d,01801252-3a7e-4f5f-8b6d-49e8da3902f3,2022-10-20T18:15:08-07:00,,49.253467787003601,-123.23400503190688,35,2022-10-21T01:16:29Z
980c1814-e650-ed11-aac0-0afb9334277d,01801252-3a7e-4f5f-8b6d-49e8da3902f3,2022-10-20T18:15:08-07:00,2022-10-20T19:12:36-07:00,49.253423490584829,-123.23396012996686,51.52162109385123,2022-10-21T02:14:27Z
3bc256e9-e950-ed11-aac0-0afb9334277d,01801252-3a7e-4f5f-8b6d-49e8da3902f3,2022-10-20T19:20:27-07:00,,49.224777143550057,-123.19225262059288,48.131724191543519,2022-10-21T02:41:59Z
0bbe29f7-dd50-ed11-aac0-0afb9334277d,01801252-3a7e-4f5f-8b6d-49e8da3902f3,2022-10-20T17:39:25-07:00,2022-10-20T18:10:48-07:00,49.254013064419368,-123.23690472531023,93.847776130020691,2022-10-21T01:16:21Z
